dataset_id,model_id,model_variant,task_id,history_steps,forecast_steps,source_repo,source_commit,source_file,model_class,adapter_class,train_script,search_config_id,seed,selection_metric,feature_budget_id,output_parameterization,residual_input_mode,official_internal_norm,uses_target_history,uses_local_history,uses_global_history,uses_future_calendar,uses_static,uses_pairwise,uses_future_target,selected_by,no_test_feedback,test_evaluated_at,split_name,eval_protocol,metric_scope,lead_step,trial_id,trial_status,trial_blocker,alpha,formal_search_config_id,is_best_validation_trial,gate_a_passed,gate_b_passed,gate_b_scope,gate_b_overfit64_passed,train_gate_after_fit_passed,train_gate_after_fit_rmse_pu,train_gate_after_fit_mae_pu,gate_c_passed,residual_anchor_steps,runtime_seconds,window_count,prediction_count,mae_pu,rmse_pu,mae_kw,rmse_kw,lead1_mae_pu,lead1_rmse_pu,short_rmse_pu,mid_rmse_pu,long_rmse_pu,ae_p50,ae_p90,ae_p95
kelmarsh,WORLD_MODEL_OFFICIAL_BASELINE,itransformer_official_target_only_residual_b0_v2,next_6h_from_24h,144,36,https://github.com/thuml/iTransformer.git,c2426e68ca13f74aaec08045c5c724d8ad328124,/home/sam/datasets/experiment/official_baselines/itransformer/source/model/iTransformer.py,Model,ITransformerOfficialAdapter,experiment/official_baselines/itransformer/source/run.py,debug_matrix,17,val_overall_rmse,B0,residual,anchor_centered,False,True,False,False,False,False,False,False,validation_only,True,,test,rolling_origin_no_refit,overall,,itransformer_target_only_residual_itransformer_target_only_d128_h4_e2_dropout0.1_lr0.0003_anchor1,completed,,,itransformer_target_only_d128_h4_e2_dropout0.1_lr0.0003_anchor1,True,True,True,overfit64_preflight,True,False,0.1524013811183613,0.1353219819324438,True,1,161.33192114101257,94458,20300940,0.1183487257558334,0.1703778707034274,242.6148877994586,349.2746349420261,0.0453800680674888,0.0754568734871374,0.1071670781259068,0.1545893701030035,0.1956963494982911,0.0770837068557739,0.2805966317653658,0.3731682159006596
kelmarsh,WORLD_MODEL_OFFICIAL_BASELINE,itransformer_official_target_only_residual_b0_v2,next_6h_from_24h,144,36,https://github.com/thuml/iTransformer.git,c2426e68ca13f74aaec08045c5c724d8ad328124,/home/sam/datasets/experiment/official_baselines/itransformer/source/model/iTransformer.py,Model,ITransformerOfficialAdapter,experiment/official_baselines/itransformer/source/run.py,debug_matrix,17,val_overall_rmse,B0,residual,anchor_centered,False,True,False,False,False,False,False,False,validation_only,True,,test,non_overlap,overall,,itransformer_target_only_residual_itransformer_target_only_d128_h4_e2_dropout0.1_lr0.0003_anchor1,completed,,,itransformer_target_only_d128_h4_e2_dropout0.1_lr0.0003_anchor1,True,True,True,overfit64_preflight,True,False,0.1524013811183613,0.1353219819324438,True,1,161.33192114101257,2624,563951,0.1168626459644063,0.1686028629168709,239.5684242270331,345.63586897958544,0.0457786820749731,0.0759869372274263,0.1066967521674669,0.1537085050291161,0.193169595175804,0.0758387148380279,0.2781866788864136,0.3710754215717315
kelmarsh,WORLD_MODEL_OFFICIAL_BASELINE,itransformer_official_target_only_residual_b0_v2,next_6h_from_24h,144,36,https://github.com/thuml/iTransformer.git,c2426e68ca13f74aaec08045c5c724d8ad328124,/home/sam/datasets/experiment/official_baselines/itransformer/source/model/iTransformer.py,Model,ITransformerOfficialAdapter,experiment/official_baselines/itransformer/source/run.py,debug_matrix,2026,val_overall_rmse,B0,residual,anchor_centered,False,True,False,False,False,False,False,False,validation_only,True,,test,rolling_origin_no_refit,overall,,itransformer_target_only_residual_itransformer_target_only_d128_h4_e2_dropout0.1_lr0.0003_anchor1,completed,,,itransformer_target_only_d128_h4_e2_dropout0.1_lr0.0003_anchor1,True,True,True,overfit64_preflight,True,False,0.1413489126708626,0.1217489898275181,True,1,172.62607087098877,94458,20300940,0.1164914232402934,0.1705137976781238,238.8074176426016,349.5532852401539,0.0453800680674888,0.0754568734871374,0.1070481547507396,0.154421323034,0.196042966158796,0.0741126202046871,0.2813834011554719,0.3751460924744606
kelmarsh,WORLD_MODEL_OFFICIAL_BASELINE,itransformer_official_target_only_residual_b0_v2,next_6h_from_24h,144,36,https://github.com/thuml/iTransformer.git,c2426e68ca13f74aaec08045c5c724d8ad328124,/home/sam/datasets/experiment/official_baselines/itransformer/source/model/iTransformer.py,Model,ITransformerOfficialAdapter,experiment/official_baselines/itransformer/source/run.py,debug_matrix,2026,val_overall_rmse,B0,residual,anchor_centered,False,True,False,False,False,False,False,False,validation_only,True,,test,non_overlap,overall,,itransformer_target_only_residual_itransformer_target_only_d128_h4_e2_dropout0.1_lr0.0003_anchor1,completed,,,itransformer_target_only_d128_h4_e2_dropout0.1_lr0.0003_anchor1,True,True,True,overfit64_preflight,True,False,0.1413489126708626,0.1217489898275181,True,1,172.62607087098877,2624,563951,0.11554165645253,0.1695516334039307,236.8603957276867,347.58084847805804,0.0457786820749731,0.0759869372274263,0.1066508782498522,0.1540366337227713,0.1946592640530219,0.0731276050209999,0.2806430906057358,0.3747427389025688
kelmarsh,WORLD_MODEL_OFFICIAL_BASELINE,itransformer_official_target_only_residual_b0_v2,next_6h_from_24h,144,36,https://github.com/thuml/iTransformer.git,c2426e68ca13f74aaec08045c5c724d8ad328124,/home/sam/datasets/experiment/official_baselines/itransformer/source/model/iTransformer.py,Model,ITransformerOfficialAdapter,experiment/official_baselines/itransformer/source/run.py,debug_matrix,3407,val_overall_rmse,B0,residual,anchor_centered,False,True,False,False,False,False,False,False,validation_only,True,,test,rolling_origin_no_refit,overall,,itransformer_target_only_residual_itransformer_target_only_d128_h4_e2_dropout0.1_lr0.0003_anchor1,completed,,,itransformer_target_only_d128_h4_e2_dropout0.1_lr0.0003_anchor1,True,True,True,overfit64_preflight,True,False,0.1273010287449151,0.1066218402244767,True,1,155.41791385799297,94458,20300940,0.1172551936808144,0.170473382208805,240.37314704566955,349.4704335280504,0.0453800680674888,0.0754568734871374,0.1070865789961393,0.154535276813228,0.1959057641568838,0.0756663000211119,0.2809936434030533,0.3759491764008999
kelmarsh,WORLD_MODEL_OFFICIAL_BASELINE,itransformer_official_target_only_residual_b0_v2,next_6h_from_24h,144,36,https://github.com/thuml/iTransformer.git,c2426e68ca13f74aaec08045c5c724d8ad328124,/home/sam/datasets/experiment/official_baselines/itransformer/source/model/iTransformer.py,Model,ITransformerOfficialAdapter,experiment/official_baselines/itransformer/source/run.py,debug_matrix,3407,val_overall_rmse,B0,residual,anchor_centered,False,True,False,False,False,False,False,False,validation_only,True,,test,non_overlap,overall,,itransformer_target_only_residual_itransformer_target_only_d128_h4_e2_dropout0.1_lr0.0003_anchor1,completed,,,itransformer_target_only_d128_h4_e2_dropout0.1_lr0.0003_anchor1,True,True,True,overfit64_preflight,True,False,0.1273010287449151,0.1066218402244767,True,1,155.41791385799297,2624,563951,0.1160361156260721,0.1690224319764532,237.874037033448,346.4959855517292,0.0457786820749731,0.0759869372274263,0.1068265069572658,0.1536743677333104,0.1938958980086489,0.0748025625944137,0.2800467163324356,0.3748159222304821
kelmarsh,WORLD_MODEL_OFFICIAL_BASELINE,itransformer_official_target_only_residual_b0_v2,next_6h_from_24h,144,36,https://github.com/thuml/iTransformer.git,c2426e68ca13f74aaec08045c5c724d8ad328124,/home/sam/datasets/experiment/official_baselines/itransformer/source/model/iTransformer.py,Model,ITransformerOfficialAdapter,experiment/official_baselines/itransformer/source/run.py,debug_matrix,42,val_overall_rmse,B0,residual,anchor_centered,False,True,False,False,False,False,False,False,validation_only,True,,test,rolling_origin_no_refit,overall,,itransformer_target_only_residual_itransformer_target_only_d128_h4_e2_dropout0.1_lr0.0003_anchor1,completed,,,itransformer_target_only_d128_h4_e2_dropout0.1_lr0.0003_anchor1,True,True,True,overfit64_preflight,True,False,0.1370739730852644,0.1210760659035551,True,1,172.50887717399746,94458,20300940,0.1166646012442319,0.1705016901209832,239.16243255067545,349.52846474801567,0.0453800680674888,0.0754568734871374,0.107073732077529,0.1544772921427239,0.1959878451402561,0.0742916017770767,0.2806682333350182,0.3758858781307936
kelmarsh,WORLD_MODEL_OFFICIAL_BASELINE,itransformer_official_target_only_residual_b0_v2,next_6h_from_24h,144,36,https://github.com/thuml/iTransformer.git,c2426e68ca13f74aaec08045c5c724d8ad328124,/home/sam/datasets/experiment/official_baselines/itransformer/source/model/iTransformer.py,Model,ITransformerOfficialAdapter,experiment/official_baselines/itransformer/source/run.py,debug_matrix,42,val_overall_rmse,B0,residual,anchor_centered,False,True,False,False,False,False,False,False,validation_only,True,,test,non_overlap,overall,,itransformer_target_only_residual_itransformer_target_only_d128_h4_e2_dropout0.1_lr0.0003_anchor1,completed,,,itransformer_target_only_d128_h4_e2_dropout0.1_lr0.0003_anchor1,True,True,True,overfit64_preflight,True,False,0.1370739730852644,0.1210760659035551,True,1,172.50887717399746,2624,563951,0.1152608740065521,0.1690437686112844,236.284791713432,346.53972565313313,0.0457786820749731,0.0759869372274263,0.1064467357431721,0.1536146878475014,0.1940342814094379,0.0729001238942146,0.2800740264356136,0.3742617964744568
kelmarsh,WORLD_MODEL_OFFICIAL_BASELINE,itransformer_official_target_only_residual_b0_v2,next_6h_from_24h,144,36,https://github.com/thuml/iTransformer.git,c2426e68ca13f74aaec08045c5c724d8ad328124,/home/sam/datasets/experiment/official_baselines/itransformer/source/model/iTransformer.py,Model,ITransformerOfficialAdapter,experiment/official_baselines/itransformer/source/run.py,debug_matrix,926,val_overall_rmse,B0,residual,anchor_centered,False,True,False,False,False,False,False,False,validation_only,True,,test,rolling_origin_no_refit,overall,,itransformer_target_only_residual_itransformer_target_only_d128_h4_e2_dropout0.1_lr0.0003_anchor1,completed,,,itransformer_target_only_d128_h4_e2_dropout0.1_lr0.0003_anchor1,True,True,True,overfit64_preflight,True,False,0.1242126563331218,0.112774628568513,True,1,171.31432047500857,94458,20300940,0.1170316534427342,0.1706244671827794,239.91488955760525,349.78015772469786,0.0453800680674888,0.0754568734871374,0.1072176947367979,0.1547170745219704,0.1960492050876491,0.0744456797838211,0.2802360087633133,0.3764054901897909
kelmarsh,WORLD_MODEL_OFFICIAL_BASELINE,itransformer_official_target_only_residual_b0_v2,next_6h_from_24h,144,36,https://github.com/thuml/iTransformer.git,c2426e68ca13f74aaec08045c5c724d8ad328124,/home/sam/datasets/experiment/official_baselines/itransformer/source/model/iTransformer.py,Model,ITransformerOfficialAdapter,experiment/official_baselines/itransformer/source/run.py,debug_matrix,926,val_overall_rmse,B0,residual,anchor_centered,False,True,False,False,False,False,False,False,validation_only,True,,test,non_overlap,overall,,itransformer_target_only_residual_itransformer_target_only_d128_h4_e2_dropout0.1_lr0.0003_anchor1,completed,,,itransformer_target_only_d128_h4_e2_dropout0.1_lr0.0003_anchor1,True,True,True,overfit64_preflight,True,False,0.1242126563331218,0.112774628568513,True,1,171.31432047500857,2624,563951,0.1158868009434189,0.1693841118627439,237.5679419340089,347.2374293186251,0.0457786820749731,0.0759869372274263,0.1067106575281751,0.1537488437366619,0.1945082265939273,0.0732493475079536,0.2793335914611816,0.3750872015953064
kelmarsh,WORLD_MODEL_OFFICIAL_BASELINE,mtgnn_official_core_calendar_residual_b1_v2,next_6h_from_24h,144,36,https://github.com/nnzhan/MTGNN.git,f811746fa7022ebf336f9ecd2434af5f365ecbf6,/home/sam/datasets/experiment/official_baselines/mtgnn/source/net.py,gtnet,MTGNNOfficialCoreAdapter,experiment/official_baselines/mtgnn/source/train_multi_step.py,debug_matrix,17,val_overall_rmse,B1,residual,absolute,,True,False,False,True,False,False,False,validation_only,True,,test,rolling_origin_no_refit,overall,,mtgnn_official_core_calendar_residual_b1_v2_mtgnn_calendar_gcn2_sub3_node32_res32_skip64_end128_layers2_dropout0_lr0.003_anchor1,completed,,,mtgnn_calendar_gcn2_sub3_node32_res32_skip64_end128_layers2_dropout0_lr0.003_anchor1,True,True,True,overfit64_preflight,True,False,0.2440555714597566,0.179995657486831,True,1,519.0640982979967,94458,20300940,0.116692383093211,0.1684467659681622,239.2193853410827,345.3158702347325,0.0453800680674888,0.0754568734871374,0.1090639707566717,0.1545197698584957,0.1920053901320999,0.0764841958880424,0.2782707542181015,0.3684059835970402
kelmarsh,WORLD_MODEL_OFFICIAL_BASELINE,mtgnn_official_core_calendar_residual_b1_v2,next_6h_from_24h,144,36,https://github.com/nnzhan/MTGNN.git,f811746fa7022ebf336f9ecd2434af5f365ecbf6,/home/sam/datasets/experiment/official_baselines/mtgnn/source/net.py,gtnet,MTGNNOfficialCoreAdapter,experiment/official_baselines/mtgnn/source/train_multi_step.py,debug_matrix,17,val_overall_rmse,B1,residual,absolute,,True,False,False,True,False,False,False,validation_only,True,,test,non_overlap,overall,,mtgnn_official_core_calendar_residual_b1_v2_mtgnn_calendar_gcn2_sub3_node32_res32_skip64_end128_layers2_dropout0_lr0.003_anchor1,completed,,,mtgnn_calendar_gcn2_sub3_node32_res32_skip64_end128_layers2_dropout0_lr0.003_anchor1,True,True,True,overfit64_preflight,True,False,0.2440555714597566,0.179995657486831,True,1,519.0640982979967,2624,563951,0.1157051085571363,0.1675907818555011,237.1954725421295,343.5611028037773,0.0457786820749731,0.0759869372274263,0.108771550687301,0.1541652452602439,0.1907640103067777,0.0749351643025875,0.2781417369842529,0.3682102337479591
kelmarsh,WORLD_MODEL_OFFICIAL_BASELINE,mtgnn_official_core_calendar_residual_b1_v2,next_6h_from_24h,144,36,https://github.com/nnzhan/MTGNN.git,f811746fa7022ebf336f9ecd2434af5f365ecbf6,/home/sam/datasets/experiment/official_baselines/mtgnn/source/net.py,gtnet,MTGNNOfficialCoreAdapter,experiment/official_baselines/mtgnn/source/train_multi_step.py,debug_matrix,2026,val_overall_rmse,B1,residual,absolute,,True,False,False,True,False,False,False,validation_only,True,,test,rolling_origin_no_refit,overall,,mtgnn_official_core_calendar_residual_b1_v2_mtgnn_calendar_gcn2_sub3_node32_res32_skip64_end128_layers2_dropout0_lr0.003_anchor1,completed,,,mtgnn_calendar_gcn2_sub3_node32_res32_skip64_end128_layers2_dropout0_lr0.003_anchor1,True,True,True,overfit64_preflight,True,False,0.2166963327350912,0.1438847556407035,True,1,520.0540406460059,94458,20300940,0.1198234763702359,0.1865649418114698,245.6381265589838,382.4581307135132,0.0453800680674888,0.0754568734871374,0.1144990554744391,0.1672680391382691,0.2158484325785426,0.0682434365153312,0.3089242681860925,0.4222464665770532
kelmarsh,WORLD_MODEL_OFFICIAL_BASELINE,mtgnn_official_core_calendar_residual_b1_v2,next_6h_from_24h,144,36,https://github.com/nnzhan/MTGNN.git,f811746fa7022ebf336f9ecd2434af5f365ecbf6,/home/sam/datasets/experiment/official_baselines/mtgnn/source/net.py,gtnet,MTGNNOfficialCoreAdapter,experiment/official_baselines/mtgnn/source/train_multi_step.py,debug_matrix,2026,val_overall_rmse,B1,residual,absolute,,True,False,False,True,False,False,False,validation_only,True,,test,non_overlap,overall,,mtgnn_official_core_calendar_residual_b1_v2_mtgnn_calendar_gcn2_sub3_node32_res32_skip64_end128_layers2_dropout0_lr0.003_anchor1,completed,,,mtgnn_calendar_gcn2_sub3_node32_res32_skip64_end128_layers2_dropout0_lr0.003_anchor1,True,True,True,overfit64_preflight,True,False,0.2166963327350912,0.1438847556407035,True,1,520.0540406460059,2624,563951,0.1182262382002502,0.1842912357074501,242.363788310513,377.7970332002728,0.0457786820749731,0.0759869372274263,0.113681606721381,0.1646157335889806,0.2134500258819336,0.0667155683040618,0.3059647381305694,0.4174593091011047
kelmarsh,WORLD_MODEL_OFFICIAL_BASELINE,mtgnn_official_core_calendar_residual_b1_v2,next_6h_from_24h,144,36,https://github.com/nnzhan/MTGNN.git,f811746fa7022ebf336f9ecd2434af5f365ecbf6,/home/sam/datasets/experiment/official_baselines/mtgnn/source/net.py,gtnet,MTGNNOfficialCoreAdapter,experiment/official_baselines/mtgnn/source/train_multi_step.py,debug_matrix,3407,val_overall_rmse,B1,residual,absolute,,True,False,False,True,False,False,False,validation_only,True,,test,rolling_origin_no_refit,overall,,mtgnn_official_core_calendar_residual_b1_v2_mtgnn_calendar_gcn2_sub3_node32_res32_skip64_end128_layers2_dropout0_lr0.003_anchor1,completed,,,mtgnn_calendar_gcn2_sub3_node32_res32_skip64_end128_layers2_dropout0_lr0.003_anchor1,True,True,True,overfit64_preflight,True,False,0.2140026723270993,0.140867621670427,True,1,516.6083324589999,94458,20300940,0.1197533453218869,0.186526092482494,245.49435790986828,382.37848958911286,0.0453800680674888,0.0754568734871374,0.1144799761580345,0.1672183836498135,0.2158103013131908,0.0682309754192829,0.3089399546384814,0.4222496494650841
kelmarsh,WORLD_MODEL_OFFICIAL_BASELINE,mtgnn_official_core_calendar_residual_b1_v2,next_6h_from_24h,144,36,https://github.com/nnzhan/MTGNN.git,f811746fa7022ebf336f9ecd2434af5f365ecbf6,/home/sam/datasets/experiment/official_baselines/mtgnn/source/net.py,gtnet,MTGNNOfficialCoreAdapter,experiment/official_baselines/mtgnn/source/train_multi_step.py,debug_matrix,3407,val_overall_rmse,B1,residual,absolute,,True,False,False,True,False,False,False,validation_only,True,,test,non_overlap,overall,,mtgnn_official_core_calendar_residual_b1_v2_mtgnn_calendar_gcn2_sub3_node32_res32_skip64_end128_layers2_dropout0_lr0.003_anchor1,completed,,,mtgnn_calendar_gcn2_sub3_node32_res32_skip64_end128_layers2_dropout0_lr0.003_anchor1,True,True,True,overfit64_preflight,True,False,0.2140026723270993,0.140867621670427,True,1,516.6083324589999,2624,563951,0.1180504824864836,0.1841604282876302,242.00348909729152,377.528877989642,0.0457786820749731,0.0759869372274263,0.1135522560609018,0.164376528596239,0.213370052679821,0.0666820406913757,0.3057559430599212,0.4169784188270569
kelmarsh,WORLD_MODEL_OFFICIAL_BASELINE,mtgnn_official_core_calendar_residual_b1_v2,next_6h_from_24h,144,36,https://github.com/nnzhan/MTGNN.git,f811746fa7022ebf336f9ecd2434af5f365ecbf6,/home/sam/datasets/experiment/official_baselines/mtgnn/source/net.py,gtnet,MTGNNOfficialCoreAdapter,experiment/official_baselines/mtgnn/source/train_multi_step.py,debug_matrix,42,val_overall_rmse,B1,residual,absolute,,True,False,False,True,False,False,False,validation_only,True,,test,rolling_origin_no_refit,overall,,mtgnn_official_core_calendar_residual_b1_v2_mtgnn_calendar_gcn2_sub3_node32_res32_skip64_end128_layers2_dropout0_lr0.003_anchor1,completed,,,mtgnn_calendar_gcn2_sub3_node32_res32_skip64_end128_layers2_dropout0_lr0.003_anchor1,True,True,True,overfit64_preflight,True,False,0.2107866427273727,0.1396916934158018,True,1,519.8729936009913,94458,20300940,0.1200454597417207,0.1866400748506334,246.09319247052755,382.6121534437985,0.0453800680674888,0.0754568734871374,0.1145076528069609,0.1674126450258286,0.2159020729104231,0.0683226338587701,0.3090630024671557,0.4224086120724678
kelmarsh,WORLD_MODEL_OFFICIAL_BASELINE,mtgnn_official_core_calendar_residual_b1_v2,next_6h_from_24h,144,36,https://github.com/nnzhan/MTGNN.git,f811746fa7022ebf336f9ecd2434af5f365ecbf6,/home/sam/datasets/experiment/official_baselines/mtgnn/source/net.py,gtnet,MTGNNOfficialCoreAdapter,experiment/official_baselines/mtgnn/source/train_multi_step.py,debug_matrix,42,val_overall_rmse,B1,residual,absolute,,True,False,False,True,False,False,False,validation_only,True,,test,non_overlap,overall,,mtgnn_official_core_calendar_residual_b1_v2_mtgnn_calendar_gcn2_sub3_node32_res32_skip64_end128_layers2_dropout0_lr0.003_anchor1,completed,,,mtgnn_calendar_gcn2_sub3_node32_res32_skip64_end128_layers2_dropout0_lr0.003_anchor1,True,True,True,overfit64_preflight,True,False,0.2107866427273727,0.1396916934158018,True,1,519.8729936009913,2624,563951,0.1184902866190545,0.1844383431605022,242.9050875690618,378.0986034790296,0.0457786820749731,0.0759869372274263,0.113670730193976,0.1649296747110361,0.2135445310142282,0.0669367164373397,0.306658536195755,0.417502298951149
kelmarsh,WORLD_MODEL_OFFICIAL_BASELINE,mtgnn_official_core_calendar_residual_b1_v2,next_6h_from_24h,144,36,https://github.com/nnzhan/MTGNN.git,f811746fa7022ebf336f9ecd2434af5f365ecbf6,/home/sam/datasets/experiment/official_baselines/mtgnn/source/net.py,gtnet,MTGNNOfficialCoreAdapter,experiment/official_baselines/mtgnn/source/train_multi_step.py,debug_matrix,926,val_overall_rmse,B1,residual,absolute,,True,False,False,True,False,False,False,validation_only,True,,test,rolling_origin_no_refit,overall,,mtgnn_official_core_calendar_residual_b1_v2_mtgnn_calendar_gcn2_sub3_node32_res32_skip64_end128_layers2_dropout0_lr0.003_anchor1,completed,,,mtgnn_calendar_gcn2_sub3_node32_res32_skip64_end128_layers2_dropout0_lr0.003_anchor1,True,True,True,overfit64_preflight,True,False,0.2112922466082308,0.139705081005623,True,1,516.2661779199843,94458,20300940,0.1197639314723242,0.1865334023604232,245.51605951826463,382.3934748388676,0.0453800680674888,0.0754568734871374,0.1145004141372488,0.1672320807477094,0.2158122476265844,0.068247802555561,0.3089627742767336,0.4222733772359788
kelmarsh,WORLD_MODEL_OFFICIAL_BASELINE,mtgnn_official_core_calendar_residual_b1_v2,next_6h_from_24h,144,36,https://github.com/nnzhan/MTGNN.git,f811746fa7022ebf336f9ecd2434af5f365ecbf6,/home/sam/datasets/experiment/official_baselines/mtgnn/source/net.py,gtnet,MTGNNOfficialCoreAdapter,experiment/official_baselines/mtgnn/source/train_multi_step.py,debug_matrix,926,val_overall_rmse,B1,residual,absolute,,True,False,False,True,False,False,False,validation_only,True,,test,non_overlap,overall,,mtgnn_official_core_calendar_residual_b1_v2_mtgnn_calendar_gcn2_sub3_node32_res32_skip64_end128_layers2_dropout0_lr0.003_anchor1,completed,,,mtgnn_calendar_gcn2_sub3_node32_res32_skip64_end128_layers2_dropout0_lr0.003_anchor1,True,True,True,overfit64_preflight,True,False,0.2112922466082308,0.139705081005623,True,1,516.2661779199843,2624,563951,0.1179770962762585,0.1841262464147483,241.85304736633,377.458805150234,0.0457786820749731,0.0759869372274263,0.1136107360495484,0.1642650343368454,0.2133579030395592,0.0665613040328025,0.3056655824184418,0.416930828243494
kelmarsh,WORLD_MODEL_OFFICIAL_BASELINE,timexer_official_target_only_residual_b0_v2,next_6h_from_24h,144,36,https://github.com/thuml/TimeXer.git,76011909357972bd55a27adba2e1be994d81b327,/home/sam/datasets/experiment/official_baselines/timexer/source/models/TimeXer.py,Model,TimeXerOfficialAdapter,experiment/official_baselines/timexer/source/run.py,debug_matrix,17,val_overall_rmse,B0,residual,anchor_centered,False,True,False,False,False,False,False,False,validation_only,True,,test,rolling_origin_no_refit,overall,,timexer_target_only_residual_timexer_target_only_d128_h4_e2_dropout0.1_patch12_lr0.0003_anchor1,completed,,,timexer_target_only_d128_h4_e2_dropout0.1_patch12_lr0.0003_anchor1,True,True,True,overfit64_preflight,True,False,0.1370305811670089,0.1177555214595038,True,1,233.94172050300403,94458,20300940,0.11715669355505,0.1696619008594945,240.1712217878525,347.8068967619638,0.0453800680674888,0.0754568734871374,0.1070203609990031,0.1540520620055059,0.1947592790556999,0.0753192231059074,0.2809157431125642,0.3733491528779268
kelmarsh,WORLD_MODEL_OFFICIAL_BASELINE,timexer_official_target_only_residual_b0_v2,next_6h_from_24h,144,36,https://github.com/thuml/TimeXer.git,76011909357972bd55a27adba2e1be994d81b327,/home/sam/datasets/experiment/official_baselines/timexer/source/models/TimeXer.py,Model,TimeXerOfficialAdapter,experiment/official_baselines/timexer/source/run.py,debug_matrix,17,val_overall_rmse,B0,residual,anchor_centered,False,True,False,False,False,False,False,False,validation_only,True,,test,non_overlap,overall,,timexer_target_only_residual_timexer_target_only_d128_h4_e2_dropout0.1_patch12_lr0.0003_anchor1,completed,,,timexer_target_only_d128_h4_e2_dropout0.1_patch12_lr0.0003_anchor1,True,True,True,overfit64_preflight,True,False,0.1370305811670089,0.1177555214595038,True,1,233.94172050300403,2624,563951,0.1160849032766273,0.1685042797747384,237.974051717086,345.43377353821376,0.0457786820749731,0.0759869372274263,0.1065271174635549,0.1532662066391532,0.1932630572988173,0.0742114186286926,0.2794975042343139,0.3722062855958938
kelmarsh,WORLD_MODEL_OFFICIAL_BASELINE,timexer_official_target_only_residual_b0_v2,next_6h_from_24h,144,36,https://github.com/thuml/TimeXer.git,76011909357972bd55a27adba2e1be994d81b327,/home/sam/datasets/experiment/official_baselines/timexer/source/models/TimeXer.py,Model,TimeXerOfficialAdapter,experiment/official_baselines/timexer/source/run.py,debug_matrix,2026,val_overall_rmse,B0,residual,anchor_centered,False,True,False,False,False,False,False,False,validation_only,True,,test,rolling_origin_no_refit,overall,,timexer_target_only_residual_timexer_target_only_d128_h4_e2_dropout0.1_patch12_lr0.0003_anchor1,completed,,,timexer_target_only_d128_h4_e2_dropout0.1_patch12_lr0.0003_anchor1,True,True,True,overfit64_preflight,True,False,0.1749110015900881,0.1522446832406249,True,1,234.75483050200276,94458,20300940,0.11839413623231,0.1694576869573779,242.70797927623556,347.38825826262484,0.0453800680674888,0.0754568734871374,0.1071141467244689,0.1539421527948967,0.1944441931685475,0.0775302350521087,0.2783916026353836,0.3714445606805384
kelmarsh,WORLD_MODEL_OFFICIAL_BASELINE,timexer_official_target_only_residual_b0_v2,next_6h_from_24h,144,36,https://github.com/thuml/TimeXer.git,76011909357972bd55a27adba2e1be994d81b327,/home/sam/datasets/experiment/official_baselines/timexer/source/models/TimeXer.py,Model,TimeXerOfficialAdapter,experiment/official_baselines/timexer/source/run.py,debug_matrix,2026,val_overall_rmse,B0,residual,anchor_centered,False,True,False,False,False,False,False,False,validation_only,True,,test,non_overlap,overall,,timexer_target_only_residual_timexer_target_only_d128_h4_e2_dropout0.1_patch12_lr0.0003_anchor1,completed,,,timexer_target_only_d128_h4_e2_dropout0.1_patch12_lr0.0003_anchor1,True,True,True,overfit64_preflight,True,False,0.1749110015900881,0.1522446832406249,True,1,234.75483050200276,2624,563951,0.1171779922237169,0.1682046091684893,240.21488405861965,344.8194487954031,0.0457786820749731,0.0759869372274263,0.1068154766603222,0.1530626449178209,0.1927947398531153,0.0762398578226566,0.2773746848106384,0.3709614723920822
kelmarsh,WORLD_MODEL_OFFICIAL_BASELINE,timexer_official_target_only_residual_b0_v2,next_6h_from_24h,144,36,https://github.com/thuml/TimeXer.git,76011909357972bd55a27adba2e1be994d81b327,/home/sam/datasets/experiment/official_baselines/timexer/source/models/TimeXer.py,Model,TimeXerOfficialAdapter,experiment/official_baselines/timexer/source/run.py,debug_matrix,3407,val_overall_rmse,B0,residual,anchor_centered,False,True,False,False,False,False,False,False,validation_only,True,,test,rolling_origin_no_refit,overall,,timexer_target_only_residual_timexer_target_only_d128_h4_e2_dropout0.1_patch12_lr0.0003_anchor1,completed,,,timexer_target_only_d128_h4_e2_dropout0.1_patch12_lr0.0003_anchor1,True,True,True,overfit64_preflight,True,False,0.1575728797746012,0.1329100967609916,True,1,233.18888577699545,94458,20300940,0.116530944250078,0.169579262445889,238.88843571266,347.63748801407263,0.0453800680674888,0.0754568734871374,0.1071467783442343,0.1540653081010024,0.194585103129786,0.0744741559028625,0.2799697250127793,0.3743330910801888
kelmarsh,WORLD_MODEL_OFFICIAL_BASELINE,timexer_official_target_only_residual_b0_v2,next_6h_from_24h,144,36,https://github.com/thuml/TimeXer.git,76011909357972bd55a27adba2e1be994d81b327,/home/sam/datasets/experiment/official_baselines/timexer/source/models/TimeXer.py,Model,TimeXerOfficialAdapter,experiment/official_baselines/timexer/source/run.py,debug_matrix,3407,val_overall_rmse,B0,residual,anchor_centered,False,True,False,False,False,False,False,False,validation_only,True,,test,non_overlap,overall,,timexer_target_only_residual_timexer_target_only_d128_h4_e2_dropout0.1_patch12_lr0.0003_anchor1,completed,,,timexer_target_only_d128_h4_e2_dropout0.1_patch12_lr0.0003_anchor1,True,True,True,overfit64_preflight,True,False,0.1575728797746012,0.1329100967609916,True,1,233.18888577699545,2624,563951,0.1156315451084522,0.1685304842474398,237.0446674723272,345.4874927072517,0.0457786820749731,0.0759869372274263,0.1069144559191113,0.1532073835073062,0.193268493340911,0.0734297446906566,0.2791213393211365,0.3729858249425888
kelmarsh,WORLD_MODEL_OFFICIAL_BASELINE,timexer_official_target_only_residual_b0_v2,next_6h_from_24h,144,36,https://github.com/thuml/TimeXer.git,76011909357972bd55a27adba2e1be994d81b327,/home/sam/datasets/experiment/official_baselines/timexer/source/models/TimeXer.py,Model,TimeXerOfficialAdapter,experiment/official_baselines/timexer/source/run.py,debug_matrix,42,val_overall_rmse,B0,residual,anchor_centered,False,True,False,False,False,False,False,False,validation_only,True,,test,rolling_origin_no_refit,overall,,timexer_target_only_residual_timexer_target_only_d128_h4_e2_dropout0.1_patch12_lr0.0003_anchor1,completed,,,timexer_target_only_d128_h4_e2_dropout0.1_patch12_lr0.0003_anchor1,True,True,True,overfit64_preflight,True,False,0.1494569890945229,0.1280955953898771,True,1,235.3556021740078,94458,20300940,0.116239252975316,0.1694911659595302,238.290468599398,347.4568902170369,0.0453800680674888,0.0754568734871374,0.1070352568078821,0.1539073756921029,0.1945353654610017,0.0739214830100536,0.2805513769388199,0.3739244610071186
kelmarsh,WORLD_MODEL_OFFICIAL_BASELINE,timexer_official_target_only_residual_b0_v2,next_6h_from_24h,144,36,https://github.com/thuml/TimeXer.git,76011909357972bd55a27adba2e1be994d81b327,/home/sam/datasets/experiment/official_baselines/timexer/source/models/TimeXer.py,Model,TimeXerOfficialAdapter,experiment/official_baselines/timexer/source/run.py,debug_matrix,42,val_overall_rmse,B0,residual,anchor_centered,False,True,False,False,False,False,False,False,validation_only,True,,test,non_overlap,overall,,timexer_target_only_residual_timexer_target_only_d128_h4_e2_dropout0.1_patch12_lr0.0003_anchor1,completed,,,timexer_target_only_d128_h4_e2_dropout0.1_patch12_lr0.0003_anchor1,True,True,True,overfit64_preflight,True,False,0.1494569890945229,0.1280955953898771,True,1,235.3556021740078,2624,563951,0.1152723607652154,0.1685483692483806,236.3083395686916,345.52415695918035,0.0457786820749731,0.0759869372274263,0.1066039308688929,0.1533458000886426,0.1932837351345074,0.0728621780872345,0.2801833748817444,0.3737430945038795
kelmarsh,WORLD_MODEL_OFFICIAL_BASELINE,timexer_official_target_only_residual_b0_v2,next_6h_from_24h,144,36,https://github.com/thuml/TimeXer.git,76011909357972bd55a27adba2e1be994d81b327,/home/sam/datasets/experiment/official_baselines/timexer/source/models/TimeXer.py,Model,TimeXerOfficialAdapter,experiment/official_baselines/timexer/source/run.py,debug_matrix,926,val_overall_rmse,B0,residual,anchor_centered,False,True,False,False,False,False,False,False,validation_only,True,,test,rolling_origin_no_refit,overall,,timexer_target_only_residual_timexer_target_only_d128_h4_e2_dropout0.1_patch12_lr0.0003_anchor1,completed,,,timexer_target_only_d128_h4_e2_dropout0.1_patch12_lr0.0003_anchor1,True,True,True,overfit64_preflight,True,False,0.1392224116092594,0.1236273750248048,True,1,233.80840810900557,94458,20300940,0.116760520294179,0.1695761732004541,239.35906660306708,347.631155060931,0.0453800680674888,0.0754568734871374,0.1069590653992359,0.1540144793827665,0.1946409598154986,0.0752569437026977,0.2796462774276733,0.3724917858839036
kelmarsh,WORLD_MODEL_OFFICIAL_BASELINE,timexer_official_target_only_residual_b0_v2,next_6h_from_24h,144,36,https://github.com/thuml/TimeXer.git,76011909357972bd55a27adba2e1be994d81b327,/home/sam/datasets/experiment/official_baselines/timexer/source/models/TimeXer.py,Model,TimeXerOfficialAdapter,experiment/official_baselines/timexer/source/run.py,debug_matrix,926,val_overall_rmse,B0,residual,anchor_centered,False,True,False,False,False,False,False,False,validation_only,True,,test,non_overlap,overall,,timexer_target_only_residual_timexer_target_only_d128_h4_e2_dropout0.1_patch12_lr0.0003_anchor1,completed,,,timexer_target_only_d128_h4_e2_dropout0.1_patch12_lr0.0003_anchor1,True,True,True,overfit64_preflight,True,False,0.1392224116092594,0.1236273750248048,True,1,233.80840810900557,2624,563951,0.116043986655042,0.1688426697964179,237.89017264283623,346.1274730826568,0.0457786820749731,0.0759869372274263,0.1067879779414358,0.1536392226344302,0.1936080319848821,0.074214369058609,0.2791933584958315,0.3720621932297945
