dataset_id,model_id,model_variant,task_id,window_protocol,history_steps,forecast_steps,stride_steps,split_protocol,split_name,eval_protocol,metric_scope,lead_step,lead_minutes,window_count,prediction_count,start_timestamp,end_timestamp,mae_kw,rmse_kw,mae_pu,rmse_pu,coordinate_mode,node_count,local_input_channels,context_history_channels,context_future_channels,static_feature_count,pairwise_feature_count,z_dim,h_dim,global_state_dim,source_summary_dim,met_summary_dim,wake_lambda_x,wake_lambda_y,wake_kappa,bounded_output_epsilon,hist_recon_loss_weight,farm_loss_weight,met_loss_weight,innovation_loss_weight,weight_decay,amp_enabled,device,runtime_seconds,train_window_count,val_window_count,test_window_count,best_epoch,epochs_ran,best_val_rmse_pu,best_val_mae_pu,seed,batch_size,learning_rate
kelmarsh,WORLD_MODEL,world_model_state_space_v1_farm_sync,next_6h_from_24h,dense_sliding,144,36,1,raw_chrono_70_10_20_strict_closed,val,rolling_origin_no_refit,overall,,,47139,10139796,2022-04-22 04:40:00,2023-03-15 18:50:00,220.51756683208913,336.4791054841355,0.10756954567551481,0.16413614862249906,latlon,6,54,40,7,6,7,32,64,48,32,6,6.0,2.0,2.0,0.05,0.2,0.1,0.05,0.0001,0.0001,true,cuda,18723.328666,325905,47139,94458,5,15,0.16413614862249906,0.10756954567551481,3407,256,0.0002
kelmarsh,WORLD_MODEL,world_model_state_space_v1_farm_sync,next_6h_from_24h,dense_sliding,144,36,1,raw_chrono_70_10_20_strict_closed,val,rolling_origin_no_refit,horizon,1,10,47139,281661,2022-04-22 04:40:00,2023-03-15 18:50:00,96.14310786476251,156.31689632607407,0.046899077500479336,0.07625214413731492,latlon,6,54,40,7,6,7,32,64,48,32,6,6.0,2.0,2.0,0.05,0.2,0.1,0.05,0.0001,0.0001,true,cuda,18723.328666,325905,47139,94458,5,15,0.16413614862249906,0.10756954567551481,3407,256,0.0002
kelmarsh,WORLD_MODEL,world_model_state_space_v1_farm_sync,next_6h_from_24h,dense_sliding,144,36,1,raw_chrono_70_10_20_strict_closed,val,rolling_origin_no_refit,horizon,2,20,47139,281661,2022-04-22 04:40:00,2023-03-15 18:50:00,122.19307094146282,196.06719602526007,0.05960637605075876,0.09564253526548941,latlon,6,54,40,7,6,7,32,64,48,32,6,6.0,2.0,2.0,0.05,0.2,0.1,0.05,0.0001,0.0001,true,cuda,18723.328666,325905,47139,94458,5,15,0.16413614862249906,0.10756954567551481,3407,256,0.0002
kelmarsh,WORLD_MODEL,world_model_state_space_v1_farm_sync,next_6h_from_24h,dense_sliding,144,36,1,raw_chrono_70_10_20_strict_closed,val,rolling_origin_no_refit,horizon,3,30,47139,281661,2022-04-22 04:40:00,2023-03-15 18:50:00,137.99579836568273,219.11442790944716,0.0673150239921786,0.1068850864383467,latlon,6,54,40,7,6,7,32,64,48,32,6,6.0,2.0,2.0,0.05,0.2,0.1,0.05,0.0001,0.0001,true,cuda,18723.328666,325905,47139,94458,5,15,0.16413614862249906,0.10756954567551481,3407,256,0.0002
kelmarsh,WORLD_MODEL,world_model_state_space_v1_farm_sync,next_6h_from_24h,dense_sliding,144,36,1,raw_chrono_70_10_20_strict_closed,val,rolling_origin_no_refit,horizon,4,40,47139,281661,2022-04-22 04:40:00,2023-03-15 18:50:00,149.45911470364362,235.32473149085902,0.07290688491766655,0.11479255205048504,latlon,6,54,40,7,6,7,32,64,48,32,6,6.0,2.0,2.0,0.05,0.2,0.1,0.05,0.0001,0.0001,true,cuda,18723.328666,325905,47139,94458,5,15,0.16413614862249906,0.10756954567551481,3407,256,0.0002
kelmarsh,WORLD_MODEL,world_model_state_space_v1_farm_sync,next_6h_from_24h,dense_sliding,144,36,1,raw_chrono_70_10_20_strict_closed,val,rolling_origin_no_refit,horizon,5,50,47139,281661,2022-04-22 04:40:00,2023-03-15 18:50:00,158.9247871757641,248.84050597898332,0.07752428626356958,0.12138561275903462,latlon,6,54,40,7,6,7,32,64,48,32,6,6.0,2.0,2.0,0.05,0.2,0.1,0.05,0.0001,0.0001,true,cuda,18723.328666,325905,47139,94458,5,15,0.16413614862249906,0.10756954567551481,3407,256,0.0002
kelmarsh,WORLD_MODEL,world_model_state_space_v1_farm_sync,next_6h_from_24h,dense_sliding,144,36,1,raw_chrono_70_10_20_strict_closed,val,rolling_origin_no_refit,horizon,6,60,47139,281661,2022-04-22 04:40:00,2023-03-15 18:50:00,166.95027645954212,260.21581031152937,0.08143915956318762,0.126934541436793,latlon,6,54,40,7,6,7,32,64,48,32,6,6.0,2.0,2.0,0.05,0.2,0.1,0.05,0.0001,0.0001,true,cuda,18723.328666,325905,47139,94458,5,15,0.16413614862249906,0.10756954567551481,3407,256,0.0002
kelmarsh,WORLD_MODEL,world_model_state_space_v1_farm_sync,next_6h_from_24h,dense_sliding,144,36,1,raw_chrono_70_10_20_strict_closed,val,rolling_origin_no_refit,horizon,7,70,47139,281661,2022-04-22 04:40:00,2023-03-15 18:50:00,174.17637616188543,270.1946268317336,0.08496408629093474,0.13180225728393535,latlon,6,54,40,7,6,7,32,64,48,32,6,6.0,2.0,2.0,0.05,0.2,0.1,0.05,0.0001,0.0001,true,cuda,18723.328666,325905,47139,94458,5,15,0.16413614862249906,0.10756954567551481,3407,256,0.0002
kelmarsh,WORLD_MODEL,world_model_state_space_v1_farm_sync,next_6h_from_24h,dense_sliding,144,36,1,raw_chrono_70_10_20_strict_closed,val,rolling_origin_no_refit,horizon,8,80,47139,281661,2022-04-22 04:40:00,2023-03-15 18:50:00,181.06148969644235,279.4344050993384,0.08832267878952928,0.13630946618796003,latlon,6,54,40,7,6,7,32,64,48,32,6,6.0,2.0,2.0,0.05,0.2,0.1,0.05,0.0001,0.0001,true,cuda,18723.328666,325905,47139,94458,5,15,0.16413614862249906,0.10756954567551481,3407,256,0.0002
kelmarsh,WORLD_MODEL,world_model_state_space_v1_farm_sync,next_6h_from_24h,dense_sliding,144,36,1,raw_chrono_70_10_20_strict_closed,val,rolling_origin_no_refit,horizon,9,90,47139,281661,2022-04-22 04:40:00,2023-03-15 18:50:00,187.41677762387883,287.89363475897045,0.09142281794704547,0.14043591959077606,latlon,6,54,40,7,6,7,32,64,48,32,6,6.0,2.0,2.0,0.05,0.2,0.1,0.05,0.0001,0.0001,true,cuda,18723.328666,325905,47139,94458,5,15,0.16413614862249906,0.10756954567551481,3407,256,0.0002
kelmarsh,WORLD_MODEL,world_model_state_space_v1_farm_sync,next_6h_from_24h,dense_sliding,144,36,1,raw_chrono_70_10_20_strict_closed,val,rolling_origin_no_refit,horizon,10,100,47139,281661,2022-04-22 04:40:00,2023-03-15 18:50:00,193.13901514160224,295.66392559844934,0.09421415354390628,0.14422630587523888,latlon,6,54,40,7,6,7,32,64,48,32,6,6.0,2.0,2.0,0.05,0.2,0.1,0.05,0.0001,0.0001,true,cuda,18723.328666,325905,47139,94458,5,15,0.16413614862249906,0.10756954567551481,3407,256,0.0002
kelmarsh,WORLD_MODEL,world_model_state_space_v1_farm_sync,next_6h_from_24h,dense_sliding,144,36,1,raw_chrono_70_10_20_strict_closed,val,rolling_origin_no_refit,horizon,11,110,47139,281661,2022-04-22 04:40:00,2023-03-15 18:50:00,198.50127017510079,302.68133136479037,0.09682988787946274,0.1476494297535841,latlon,6,54,40,7,6,7,32,64,48,32,6,6.0,2.0,2.0,0.05,0.2,0.1,0.05,0.0001,0.0001,true,cuda,18723.328666,325905,47139,94458,5,15,0.16413614862249906,0.10756954567551481,3407,256,0.0002
kelmarsh,WORLD_MODEL,world_model_state_space_v1_farm_sync,next_6h_from_24h,dense_sliding,144,36,1,raw_chrono_70_10_20_strict_closed,val,rolling_origin_no_refit,horizon,12,120,47139,281661,2022-04-22 04:40:00,2023-03-15 18:50:00,203.46514586233263,309.2912232676878,0.09925129054945439,0.1508737668071153,latlon,6,54,40,7,6,7,32,64,48,32,6,6.0,2.0,2.0,0.05,0.2,0.1,0.05,0.0001,0.0001,true,cuda,18723.328666,325905,47139,94458,5,15,0.16413614862249906,0.10756954567551481,3407,256,0.0002
kelmarsh,WORLD_MODEL,world_model_state_space_v1_farm_sync,next_6h_from_24h,dense_sliding,144,36,1,raw_chrono_70_10_20_strict_closed,val,rolling_origin_no_refit,horizon,13,130,47139,281661,2022-04-22 04:40:00,2023-03-15 18:50:00,208.33333928253887,315.8881247799076,0.10162601916835659,0.15409176838704533,latlon,6,54,40,7,6,7,32,64,48,32,6,6.0,2.0,2.0,0.05,0.2,0.1,0.05,0.0001,0.0001,true,cuda,18723.328666,325905,47139,94458,5,15,0.16413614862249906,0.10756954567551481,3407,256,0.0002
kelmarsh,WORLD_MODEL,world_model_state_space_v1_farm_sync,next_6h_from_24h,dense_sliding,144,36,1,raw_chrono_70_10_20_strict_closed,val,rolling_origin_no_refit,horizon,14,140,47139,281661,2022-04-22 04:40:00,2023-03-15 18:50:00,212.82256174175387,321.569435986249,0.10381588386372227,0.15686313925167655,latlon,6,54,40,7,6,7,32,64,48,32,6,6.0,2.0,2.0,0.05,0.2,0.1,0.05,0.0001,0.0001,true,cuda,18723.328666,325905,47139,94458,5,15,0.16413614862249906,0.10756954567551481,3407,256,0.0002
kelmarsh,WORLD_MODEL,world_model_state_space_v1_farm_sync,next_6h_from_24h,dense_sliding,144,36,1,raw_chrono_70_10_20_strict_closed,val,rolling_origin_no_refit,horizon,15,150,47139,281661,2022-04-22 04:40:00,2023-03-15 18:50:00,217.3444939293643,327.2417880728081,0.10602170424810942,0.159630140266935,latlon,6,54,40,7,6,7,32,64,48,32,6,6.0,2.0,2.0,0.05,0.2,0.1,0.05,0.0001,0.0001,true,cuda,18723.328666,325905,47139,94458,5,15,0.16413614862249906,0.10756954567551481,3407,256,0.0002
kelmarsh,WORLD_MODEL,world_model_state_space_v1_farm_sync,next_6h_from_24h,dense_sliding,144,36,1,raw_chrono_70_10_20_strict_closed,val,rolling_origin_no_refit,horizon,16,160,47139,281661,2022-04-22 04:40:00,2023-03-15 18:50:00,221.56197926357368,332.79696543101244,0.10807901379429458,0.16233998283194,latlon,6,54,40,7,6,7,32,64,48,32,6,6.0,2.0,2.0,0.05,0.2,0.1,0.05,0.0001,0.0001,true,cuda,18723.328666,325905,47139,94458,5,15,0.16413614862249906,0.10756954567551481,3407,256,0.0002
kelmarsh,WORLD_MODEL,world_model_state_space_v1_farm_sync,next_6h_from_24h,dense_sliding,144,36,1,raw_chrono_70_10_20_strict_closed,val,rolling_origin_no_refit,horizon,17,170,47139,281661,2022-04-22 04:40:00,2023-03-15 18:50:00,225.54420558709998,337.9661106538224,0.11002156270141966,0.16486151712384262,latlon,6,54,40,7,6,7,32,64,48,32,6,6.0,2.0,2.0,0.05,0.2,0.1,0.05,0.0001,0.0001,true,cuda,18723.328666,325905,47139,94458,5,15,0.16413614862249906,0.10756954567551481,3407,256,0.0002
kelmarsh,WORLD_MODEL,world_model_state_space_v1_farm_sync,next_6h_from_24h,dense_sliding,144,36,1,raw_chrono_70_10_20_strict_closed,val,rolling_origin_no_refit,horizon,18,180,47139,281661,2022-04-22 04:40:00,2023-03-15 18:50:00,229.42621953486693,343.1197791285246,0.11191522905936026,0.16737550207470797,latlon,6,54,40,7,6,7,32,64,48,32,6,6.0,2.0,2.0,0.05,0.2,0.1,0.05,0.0001,0.0001,true,cuda,18723.328666,325905,47139,94458,5,15,0.16413614862249906,0.10756954567551481,3407,256,0.0002
kelmarsh,WORLD_MODEL,world_model_state_space_v1_farm_sync,next_6h_from_24h,dense_sliding,144,36,1,raw_chrono_70_10_20_strict_closed,val,rolling_origin_no_refit,horizon,19,190,47139,281661,2022-04-22 04:40:00,2023-03-15 18:50:00,232.99041649774685,347.7746021381916,0.11365386090923012,0.1696461469068827,latlon,6,54,40,7,6,7,32,64,48,32,6,6.0,2.0,2.0,0.05,0.2,0.1,0.05,0.0001,0.0001,true,cuda,18723.328666,325905,47139,94458,5,15,0.16413614862249906,0.10756954567551481,3407,256,0.0002
kelmarsh,WORLD_MODEL,world_model_state_space_v1_farm_sync,next_6h_from_24h,dense_sliding,144,36,1,raw_chrono_70_10_20_strict_closed,val,rolling_origin_no_refit,horizon,20,200,47139,281661,2022-04-22 04:40:00,2023-03-15 18:50:00,236.59129042325455,352.2881455480975,0.11541038549019897,0.1718478756574753,latlon,6,54,40,7,6,7,32,64,48,32,6,6.0,2.0,2.0,0.05,0.2,0.1,0.05,0.0001,0.0001,true,cuda,18723.328666,325905,47139,94458,5,15,0.16413614862249906,0.10756954567551481,3407,256,0.0002
kelmarsh,WORLD_MODEL,world_model_state_space_v1_farm_sync,next_6h_from_24h,dense_sliding,144,36,1,raw_chrono_70_10_20_strict_closed,val,rolling_origin_no_refit,horizon,21,210,47139,281661,2022-04-22 04:40:00,2023-03-15 18:50:00,239.831309593643,356.62048431026824,0.11699088218847736,0.17396121197201575,latlon,6,54,40,7,6,7,32,64,48,32,6,6.0,2.0,2.0,0.05,0.2,0.1,0.05,0.0001,0.0001,true,cuda,18723.328666,325905,47139,94458,5,15,0.16413614862249906,0.10756954567551481,3407,256,0.0002
kelmarsh,WORLD_MODEL,world_model_state_space_v1_farm_sync,next_6h_from_24h,dense_sliding,144,36,1,raw_chrono_70_10_20_strict_closed,val,rolling_origin_no_refit,horizon,22,220,47139,281661,2022-04-22 04:40:00,2023-03-15 18:50:00,243.14762257455826,360.96105145153007,0.11860859582286874,0.17607856096783583,latlon,6,54,40,7,6,7,32,64,48,32,6,6.0,2.0,2.0,0.05,0.2,0.1,0.05,0.0001,0.0001,true,cuda,18723.328666,325905,47139,94458,5,15,0.16413614862249906,0.10756954567551481,3407,256,0.0002
kelmarsh,WORLD_MODEL,world_model_state_space_v1_farm_sync,next_6h_from_24h,dense_sliding,144,36,1,raw_chrono_70_10_20_strict_closed,val,rolling_origin_no_refit,horizon,23,230,47139,281661,2022-04-22 04:40:00,2023-03-15 18:50:00,246.30457013765135,365.1613606231983,0.12014857129310401,0.17812749224784585,latlon,6,54,40,7,6,7,32,64,48,32,6,6.0,2.0,2.0,0.05,0.2,0.1,0.05,0.0001,0.0001,true,cuda,18723.328666,325905,47139,94458,5,15,0.16413614862249906,0.10756954567551481,3407,256,0.0002
kelmarsh,WORLD_MODEL,world_model_state_space_v1_farm_sync,next_6h_from_24h,dense_sliding,144,36,1,raw_chrono_70_10_20_strict_closed,val,rolling_origin_no_refit,horizon,24,240,47139,281661,2022-04-22 04:40:00,2023-03-15 18:50:00,249.25379598751914,368.87927718889694,0.12158721640736905,0.17994111005819463,latlon,6,54,40,7,6,7,32,64,48,32,6,6.0,2.0,2.0,0.05,0.2,0.1,0.05,0.0001,0.0001,true,cuda,18723.328666,325905,47139,94458,5,15,0.16413614862249906,0.10756954567551481,3407,256,0.0002
kelmarsh,WORLD_MODEL,world_model_state_space_v1_farm_sync,next_6h_from_24h,dense_sliding,144,36,1,raw_chrono_70_10_20_strict_closed,val,rolling_origin_no_refit,horizon,25,250,47139,281661,2022-04-22 04:40:00,2023-03-15 18:50:00,252.3831683991835,373.1865181704562,0.12311374006446041,0.18204220503798654,latlon,6,54,40,7,6,7,32,64,48,32,6,6.0,2.0,2.0,0.05,0.2,0.1,0.05,0.0001,0.0001,true,cuda,18723.328666,325905,47139,94458,5,15,0.16413614862249906,0.10756954567551481,3407,256,0.0002
kelmarsh,WORLD_MODEL,world_model_state_space_v1_farm_sync,next_6h_from_24h,dense_sliding,144,36,1,raw_chrono_70_10_20_strict_closed,val,rolling_origin_no_refit,horizon,26,260,47139,281661,2022-04-22 04:40:00,2023-03-15 18:50:00,255.35155114766593,376.7298520006179,0.12456173213660023,0.1837706590964982,latlon,6,54,40,7,6,7,32,64,48,32,6,6.0,2.0,2.0,0.05,0.2,0.1,0.05,0.0001,0.0001,true,cuda,18723.328666,325905,47139,94458,5,15,0.16413614862249906,0.10756954567551481,3407,256,0.0002
kelmarsh,WORLD_MODEL,world_model_state_space_v1_farm_sync,next_6h_from_24h,dense_sliding,144,36,1,raw_chrono_70_10_20_strict_closed,val,rolling_origin_no_refit,horizon,27,270,47139,281661,2022-04-22 04:40:00,2023-03-15 18:50:00,258.352853470233,380.8416696517757,0.12602578249966376,0.1857764252151484,latlon,6,54,40,7,6,7,32,64,48,32,6,6.0,2.0,2.0,0.05,0.2,0.1,0.05,0.0001,0.0001,true,cuda,18723.328666,325905,47139,94458,5,15,0.16413614862249906,0.10756954567551481,3407,256,0.0002
kelmarsh,WORLD_MODEL,world_model_state_space_v1_farm_sync,next_6h_from_24h,dense_sliding,144,36,1,raw_chrono_70_10_20_strict_closed,val,rolling_origin_no_refit,horizon,28,280,47139,281661,2022-04-22 04:40:00,2023-03-15 18:50:00,261.309582749187,384.3099946154655,0.1274680891756693,0.1874682900900105,latlon,6,54,40,7,6,7,32,64,48,32,6,6.0,2.0,2.0,0.05,0.2,0.1,0.05,0.0001,0.0001,true,cuda,18723.328666,325905,47139,94458,5,15,0.16413614862249906,0.10756954567551481,3407,256,0.0002
kelmarsh,WORLD_MODEL,world_model_state_space_v1_farm_sync,next_6h_from_24h,dense_sliding,144,36,1,raw_chrono_70_10_20_strict_closed,val,rolling_origin_no_refit,horizon,29,290,47139,281661,2022-04-22 04:40:00,2023-03-15 18:50:00,263.9372026463384,387.7274576123714,0.12874985482044565,0.18913534527306874,latlon,6,54,40,7,6,7,32,64,48,32,6,6.0,2.0,2.0,0.05,0.2,0.1,0.05,0.0001,0.0001,true,cuda,18723.328666,325905,47139,94458,5,15,0.16413614862249906,0.10756954567551481,3407,256,0.0002
kelmarsh,WORLD_MODEL,world_model_state_space_v1_farm_sync,next_6h_from_24h,dense_sliding,144,36,1,raw_chrono_70_10_20_strict_closed,val,rolling_origin_no_refit,horizon,30,300,47139,281661,2022-04-22 04:40:00,2023-03-15 18:50:00,266.517363567013,391.27153237090164,0.13000847053677828,0.19086416174044174,latlon,6,54,40,7,6,7,32,64,48,32,6,6.0,2.0,2.0,0.05,0.2,0.1,0.05,0.0001,0.0001,true,cuda,18723.328666,325905,47139,94458,5,15,0.16413614862249906,0.10756954567551481,3407,256,0.0002
kelmarsh,WORLD_MODEL,world_model_state_space_v1_farm_sync,next_6h_from_24h,dense_sliding,144,36,1,raw_chrono_70_10_20_strict_closed,val,rolling_origin_no_refit,horizon,31,310,47139,281661,2022-04-22 04:40:00,2023-03-15 18:50:00,269.0050263770099,394.55593399972764,0.1312219643174592,0.19246630873161646,latlon,6,54,40,7,6,7,32,64,48,32,6,6.0,2.0,2.0,0.05,0.2,0.1,0.05,0.0001,0.0001,true,cuda,18723.328666,325905,47139,94458,5,15,0.16413614862249906,0.10756954567551481,3407,256,0.0002
kelmarsh,WORLD_MODEL,world_model_state_space_v1_farm_sync,next_6h_from_24h,dense_sliding,144,36,1,raw_chrono_70_10_20_strict_closed,val,rolling_origin_no_refit,horizon,32,320,47139,281661,2022-04-22 04:40:00,2023-03-15 18:50:00,271.38560365383273,397.53724179282443,0.13238322144713746,0.19392060543366696,latlon,6,54,40,7,6,7,32,64,48,32,6,6.0,2.0,2.0,0.05,0.2,0.1,0.05,0.0001,0.0001,true,cuda,18723.328666,325905,47139,94458,5,15,0.16413614862249906,0.10756954567551481,3407,256,0.0002
kelmarsh,WORLD_MODEL,world_model_state_space_v1_farm_sync,next_6h_from_24h,dense_sliding,144,36,1,raw_chrono_70_10_20_strict_closed,val,rolling_origin_no_refit,horizon,33,330,47139,281661,2022-04-22 04:40:00,2023-03-15 18:50:00,273.6865031615743,400.5289774924233,0.13350561126704164,0.19537998871506637,latlon,6,54,40,7,6,7,32,64,48,32,6,6.0,2.0,2.0,0.05,0.2,0.1,0.05,0.0001,0.0001,true,cuda,18723.328666,325905,47139,94458,5,15,0.16413614862249906,0.10756954567551481,3407,256,0.0002
kelmarsh,WORLD_MODEL,world_model_state_space_v1_farm_sync,next_6h_from_24h,dense_sliding,144,36,1,raw_chrono_70_10_20_strict_closed,val,rolling_origin_no_refit,horizon,34,340,47139,281661,2022-04-22 04:40:00,2023-03-15 18:50:00,275.85018594909974,403.35864962800906,0.13456106624724962,0.19676031621748416,latlon,6,54,40,7,6,7,32,64,48,32,6,6.0,2.0,2.0,0.05,0.2,0.1,0.05,0.0001,0.0001,true,cuda,18723.328666,325905,47139,94458,5,15,0.16413614862249906,0.10756954567551481,3407,256,0.0002
kelmarsh,WORLD_MODEL,world_model_state_space_v1_farm_sync,next_6h_from_24h,dense_sliding,144,36,1,raw_chrono_70_10_20_strict_closed,val,rolling_origin_no_refit,horizon,35,350,47139,281661,2022-04-22 04:40:00,2023-03-15 18:50:00,278.03967358789964,406.2910749697341,0.13562910848682677,0.1981907680523453,latlon,6,54,40,7,6,7,32,64,48,32,6,6.0,2.0,2.0,0.05,0.2,0.1,0.05,0.0001,0.0001,true,cuda,18723.328666,325905,47139,94458,5,15,0.16413614862249906,0.10756954567551481,3407,256,0.0002
kelmarsh,WORLD_MODEL,world_model_state_space_v1_farm_sync,next_6h_from_24h,dense_sliding,144,36,1,raw_chrono_70_10_20_strict_closed,val,rolling_origin_no_refit,horizon,36,360,47139,281661,2022-04-22 04:40:00,2023-03-15 18:50:00,280.23569110104324,408.7850637141372,0.1367003376839834,0.19940734770416035,latlon,6,54,40,7,6,7,32,64,48,32,6,6.0,2.0,2.0,0.05,0.2,0.1,0.05,0.0001,0.0001,true,cuda,18723.328666,325905,47139,94458,5,15,0.16413614862249906,0.10756954567551481,3407,256,0.0002
kelmarsh,WORLD_MODEL,world_model_state_space_v1_farm_sync,next_6h_from_24h,dense_sliding,144,36,1,raw_chrono_70_10_20_strict_closed,val,non_overlap,overall,,,1310,281787,2022-04-22 04:40:00,2023-03-15 16:30:00,217.05953965229057,330.45789862875404,0.10588270311510223,0.1611989728744236,latlon,6,54,40,7,6,7,32,64,48,32,6,6.0,2.0,2.0,0.05,0.2,0.1,0.05,0.0001,0.0001,true,cuda,18723.328666,325905,47139,94458,5,15,0.16413614862249906,0.10756954567551481,3407,256,0.0002
kelmarsh,WORLD_MODEL,world_model_state_space_v1_farm_sync,next_6h_from_24h,dense_sliding,144,36,1,raw_chrono_70_10_20_strict_closed,val,non_overlap,horizon,1,10,1310,7823,2022-04-22 04:40:00,2023-03-15 16:30:00,95.59074279168797,157.39701319351505,0.046629629216809174,0.07677903098204855,latlon,6,54,40,7,6,7,32,64,48,32,6,6.0,2.0,2.0,0.05,0.2,0.1,0.05,0.0001,0.0001,true,cuda,18723.328666,325905,47139,94458,5,15,0.16413614862249906,0.10756954567551481,3407,256,0.0002
kelmarsh,WORLD_MODEL,world_model_state_space_v1_farm_sync,next_6h_from_24h,dense_sliding,144,36,1,raw_chrono_70_10_20_strict_closed,val,non_overlap,horizon,2,20,1310,7830,2022-04-22 04:40:00,2023-03-15 16:30:00,122.72066421216475,196.1065115108634,0.05986373677259813,0.09566171149622726,latlon,6,54,40,7,6,7,32,64,48,32,6,6.0,2.0,2.0,0.05,0.2,0.1,0.05,0.0001,0.0001,true,cuda,18723.328666,325905,47139,94458,5,15,0.16413614862249906,0.10756954567551481,3407,256,0.0002
kelmarsh,WORLD_MODEL,world_model_state_space_v1_farm_sync,next_6h_from_24h,dense_sliding,144,36,1,raw_chrono_70_10_20_strict_closed,val,non_overlap,horizon,3,30,1310,7828,2022-04-22 04:40:00,2023-03-15 16:30:00,134.83645048224324,215.4699768763731,0.06577387718625621,0.10510730486908322,latlon,6,54,40,7,6,7,32,64,48,32,6,6.0,2.0,2.0,0.05,0.2,0.1,0.05,0.0001,0.0001,true,cuda,18723.328666,325905,47139,94458,5,15,0.16413614862249906,0.10756954567551481,3407,256,0.0002
kelmarsh,WORLD_MODEL,world_model_state_space_v1_farm_sync,next_6h_from_24h,dense_sliding,144,36,1,raw_chrono_70_10_20_strict_closed,val,non_overlap,horizon,4,40,1310,7826,2022-04-22 04:40:00,2023-03-15 16:30:00,146.00964732941478,226.35369648200066,0.07122421727715446,0.11041643765350587,latlon,6,54,40,7,6,7,32,64,48,32,6,6.0,2.0,2.0,0.05,0.2,0.1,0.05,0.0001,0.0001,true,cuda,18723.328666,325905,47139,94458,5,15,0.16413614862249906,0.10756954567551481,3407,256,0.0002
kelmarsh,WORLD_MODEL,world_model_state_space_v1_farm_sync,next_6h_from_24h,dense_sliding,144,36,1,raw_chrono_70_10_20_strict_closed,val,non_overlap,horizon,5,50,1310,7829,2022-04-22 04:40:00,2023-03-15 16:30:00,155.97192928534935,240.86704835927853,0.07608386653793438,0.11749612037733496,latlon,6,54,40,7,6,7,32,64,48,32,6,6.0,2.0,2.0,0.05,0.2,0.1,0.05,0.0001,0.0001,true,cuda,18723.328666,325905,47139,94458,5,15,0.16413614862249906,0.10756954567551481,3407,256,0.0002
kelmarsh,WORLD_MODEL,world_model_state_space_v1_farm_sync,next_6h_from_24h,dense_sliding,144,36,1,raw_chrono_70_10_20_strict_closed,val,non_overlap,horizon,6,60,1310,7829,2022-04-22 04:40:00,2023-03-15 16:30:00,161.25985019638523,249.39665859772217,0.07866333861478308,0.12165690560895992,latlon,6,54,40,7,6,7,32,64,48,32,6,6.0,2.0,2.0,0.05,0.2,0.1,0.05,0.0001,0.0001,true,cuda,18723.328666,325905,47139,94458,5,15,0.16413614862249906,0.10756954567551481,3407,256,0.0002
kelmarsh,WORLD_MODEL,world_model_state_space_v1_farm_sync,next_6h_from_24h,dense_sliding,144,36,1,raw_chrono_70_10_20_strict_closed,val,non_overlap,horizon,7,70,1310,7829,2022-04-22 04:40:00,2023-03-15 16:30:00,172.2900439272257,264.2015491088937,0.08404392257536458,0.1288788026730516,latlon,6,54,40,7,6,7,32,64,48,32,6,6.0,2.0,2.0,0.05,0.2,0.1,0.05,0.0001,0.0001,true,cuda,18723.328666,325905,47139,94458,5,15,0.16413614862249906,0.10756954567551481,3407,256,0.0002
kelmarsh,WORLD_MODEL,world_model_state_space_v1_farm_sync,next_6h_from_24h,dense_sliding,144,36,1,raw_chrono_70_10_20_strict_closed,val,non_overlap,horizon,8,80,1310,7827,2022-04-22 04:40:00,2023-03-15 16:30:00,177.4653148755909,271.7288398609228,0.08656844639513127,0.13255065408671868,latlon,6,54,40,7,6,7,32,64,48,32,6,6.0,2.0,2.0,0.05,0.2,0.1,0.05,0.0001,0.0001,true,cuda,18723.328666,325905,47139,94458,5,15,0.16413614862249906,0.10756954567551481,3407,256,0.0002
kelmarsh,WORLD_MODEL,world_model_state_space_v1_farm_sync,next_6h_from_24h,dense_sliding,144,36,1,raw_chrono_70_10_20_strict_closed,val,non_overlap,horizon,9,90,1310,7826,2022-04-22 04:40:00,2023-03-15 16:30:00,184.4761147736711,281.74527765738804,0.08998835022846147,0.13743672244825866,latlon,6,54,40,7,6,7,32,64,48,32,6,6.0,2.0,2.0,0.05,0.2,0.1,0.05,0.0001,0.0001,true,cuda,18723.328666,325905,47139,94458,5,15,0.16413614862249906,0.10756954567551481,3407,256,0.0002
kelmarsh,WORLD_MODEL,world_model_state_space_v1_farm_sync,next_6h_from_24h,dense_sliding,144,36,1,raw_chrono_70_10_20_strict_closed,val,non_overlap,horizon,10,100,1310,7826,2022-04-22 04:40:00,2023-03-15 16:30:00,191.26838722687197,292.48072796864625,0.09330165316130601,0.14267352919458923,latlon,6,54,40,7,6,7,32,64,48,32,6,6.0,2.0,2.0,0.05,0.2,0.1,0.05,0.0001,0.0001,true,cuda,18723.328666,325905,47139,94458,5,15,0.16413614862249906,0.10756954567551481,3407,256,0.0002
kelmarsh,WORLD_MODEL,world_model_state_space_v1_farm_sync,next_6h_from_24h,dense_sliding,144,36,1,raw_chrono_70_10_20_strict_closed,val,non_overlap,horizon,11,110,1310,7832,2022-04-22 04:40:00,2023-03-15 16:30:00,195.5586476155516,297.3477271438095,0.09539445720240093,0.14504766997931837,latlon,6,54,40,7,6,7,32,64,48,32,6,6.0,2.0,2.0,0.05,0.2,0.1,0.05,0.0001,0.0001,true,cuda,18723.328666,325905,47139,94458,5,15,0.16413614862249906,0.10756954567551481,3407,256,0.0002
kelmarsh,WORLD_MODEL,world_model_state_space_v1_farm_sync,next_6h_from_24h,dense_sliding,144,36,1,raw_chrono_70_10_20_strict_closed,val,non_overlap,horizon,12,120,1310,7833,2022-04-22 04:40:00,2023-03-15 16:30:00,202.54389382260948,307.60946057859945,0.09880189909022476,0.15005339480547458,latlon,6,54,40,7,6,7,32,64,48,32,6,6.0,2.0,2.0,0.05,0.2,0.1,0.05,0.0001,0.0001,true,cuda,18723.328666,325905,47139,94458,5,15,0.16413614862249906,0.10756954567551481,3407,256,0.0002
kelmarsh,WORLD_MODEL,world_model_state_space_v1_farm_sync,next_6h_from_24h,dense_sliding,144,36,1,raw_chrono_70_10_20_strict_closed,val,non_overlap,horizon,13,130,1310,7832,2022-04-22 04:40:00,2023-03-15 16:30:00,202.26889982603421,305.8794605429114,0.09866775360730866,0.14920949378266504,latlon,6,54,40,7,6,7,32,64,48,32,6,6.0,2.0,2.0,0.05,0.2,0.1,0.05,0.0001,0.0001,true,cuda,18723.328666,325905,47139,94458,5,15,0.16413614862249906,0.10756954567551481,3407,256,0.0002
kelmarsh,WORLD_MODEL,world_model_state_space_v1_farm_sync,next_6h_from_24h,dense_sliding,144,36,1,raw_chrono_70_10_20_strict_closed,val,non_overlap,horizon,14,140,1310,7826,2022-04-22 04:40:00,2023-03-15 16:30:00,205.67267960963454,308.77205749699516,0.10032813639827254,0.15062051339228893,latlon,6,54,40,7,6,7,32,64,48,32,6,6.0,2.0,2.0,0.05,0.2,0.1,0.05,0.0001,0.0001,true,cuda,18723.328666,325905,47139,94458,5,15,0.16413614862249906,0.10756954567551481,3407,256,0.0002
kelmarsh,WORLD_MODEL,world_model_state_space_v1_farm_sync,next_6h_from_24h,dense_sliding,144,36,1,raw_chrono_70_10_20_strict_closed,val,non_overlap,horizon,15,150,1310,7828,2022-04-22 04:40:00,2023-03-15 16:30:00,214.3012637926354,319.95860504486916,0.10453720511863837,0.15607736960174384,latlon,6,54,40,7,6,7,32,64,48,32,6,6.0,2.0,2.0,0.05,0.2,0.1,0.05,0.0001,0.0001,true,cuda,18723.328666,325905,47139,94458,5,15,0.16413614862249906,0.10756954567551481,3407,256,0.0002
kelmarsh,WORLD_MODEL,world_model_state_space_v1_farm_sync,next_6h_from_24h,dense_sliding,144,36,1,raw_chrono_70_10_20_strict_closed,val,non_overlap,horizon,16,160,1310,7828,2022-04-22 04:40:00,2023-03-15 16:30:00,221.93531333833673,329.4960336298803,0.10826112935295748,0.16072977639142372,latlon,6,54,40,7,6,7,32,64,48,32,6,6.0,2.0,2.0,0.05,0.2,0.1,0.05,0.0001,0.0001,true,cuda,18723.328666,325905,47139,94458,5,15,0.16413614862249906,0.10756954567551481,3407,256,0.0002
kelmarsh,WORLD_MODEL,world_model_state_space_v1_farm_sync,next_6h_from_24h,dense_sliding,144,36,1,raw_chrono_70_10_20_strict_closed,val,non_overlap,horizon,17,170,1310,7828,2022-04-22 04:40:00,2023-03-15 16:30:00,224.7592256962187,332.6207780841204,0.10963864684653148,0.1622540387480298,latlon,6,54,40,7,6,7,32,64,48,32,6,6.0,2.0,2.0,0.05,0.2,0.1,0.05,0.0001,0.0001,true,cuda,18723.328666,325905,47139,94458,5,15,0.16413614862249906,0.10756954567551481,3407,256,0.0002
kelmarsh,WORLD_MODEL,world_model_state_space_v1_farm_sync,next_6h_from_24h,dense_sliding,144,36,1,raw_chrono_70_10_20_strict_closed,val,non_overlap,horizon,18,180,1310,7830,2022-04-22 04:40:00,2023-03-15 16:30:00,224.73387013090678,335.2930141890592,0.10962627576533253,0.1635575703053263,latlon,6,54,40,7,6,7,32,64,48,32,6,6.0,2.0,2.0,0.05,0.2,0.1,0.05,0.0001,0.0001,true,cuda,18723.328666,325905,47139,94458,5,15,0.16413614862249906,0.10756954567551481,3407,256,0.0002
kelmarsh,WORLD_MODEL,world_model_state_space_v1_farm_sync,next_6h_from_24h,dense_sliding,144,36,1,raw_chrono_70_10_20_strict_closed,val,non_overlap,horizon,19,190,1310,7832,2022-04-22 04:40:00,2023-03-15 16:30:00,226.5653269439479,339.9790415940179,0.11051967536100206,0.16584343181510547,latlon,6,54,40,7,6,7,32,64,48,32,6,6.0,2.0,2.0,0.05,0.2,0.1,0.05,0.0001,0.0001,true,cuda,18723.328666,325905,47139,94458,5,15,0.16413614862249906,0.10756954567551481,3407,256,0.0002
kelmarsh,WORLD_MODEL,world_model_state_space_v1_farm_sync,next_6h_from_24h,dense_sliding,144,36,1,raw_chrono_70_10_20_strict_closed,val,non_overlap,horizon,20,200,1310,7828,2022-04-22 04:40:00,2023-03-15 16:30:00,228.18911030515457,342.5975641412884,0.11131176025086541,0.16712076474932636,latlon,6,54,40,7,6,7,32,64,48,32,6,6.0,2.0,2.0,0.05,0.2,0.1,0.05,0.0001,0.0001,true,cuda,18723.328666,325905,47139,94458,5,15,0.16413614862249906,0.10756954567551481,3407,256,0.0002
kelmarsh,WORLD_MODEL,world_model_state_space_v1_farm_sync,next_6h_from_24h,dense_sliding,144,36,1,raw_chrono_70_10_20_strict_closed,val,non_overlap,horizon,21,210,1310,7828,2022-04-22 04:40:00,2023-03-15 16:30:00,232.4982155403679,346.24483526527786,0.11341376248585307,0.16889991884937325,latlon,6,54,40,7,6,7,32,64,48,32,6,6.0,2.0,2.0,0.05,0.2,0.1,0.05,0.0001,0.0001,true,cuda,18723.328666,325905,47139,94458,5,15,0.16413614862249906,0.10756954567551481,3407,256,0.0002
kelmarsh,WORLD_MODEL,world_model_state_space_v1_farm_sync,next_6h_from_24h,dense_sliding,144,36,1,raw_chrono_70_10_20_strict_closed,val,non_overlap,horizon,22,220,1310,7827,2022-04-22 04:40:00,2023-03-15 16:30:00,237.02214589721476,353.26356598871865,0.11562055619691727,0.17232369020746652,latlon,6,54,40,7,6,7,32,64,48,32,6,6.0,2.0,2.0,0.05,0.2,0.1,0.05,0.0001,0.0001,true,cuda,18723.328666,325905,47139,94458,5,15,0.16413614862249906,0.10756954567551481,3407,256,0.0002
kelmarsh,WORLD_MODEL,world_model_state_space_v1_farm_sync,next_6h_from_24h,dense_sliding,144,36,1,raw_chrono_70_10_20_strict_closed,val,non_overlap,horizon,23,230,1310,7826,2022-04-22 04:40:00,2023-03-15 16:30:00,237.37603021978023,353.573809903,0.11579317989295747,0.17247502972929452,latlon,6,54,40,7,6,7,32,64,48,32,6,6.0,2.0,2.0,0.05,0.2,0.1,0.05,0.0001,0.0001,true,cuda,18723.328666,325905,47139,94458,5,15,0.16413614862249906,0.10756954567551481,3407,256,0.0002
kelmarsh,WORLD_MODEL,world_model_state_space_v1_farm_sync,next_6h_from_24h,dense_sliding,144,36,1,raw_chrono_70_10_20_strict_closed,val,non_overlap,horizon,24,240,1310,7826,2022-04-22 04:40:00,2023-03-15 16:30:00,239.5598585644007,353.98815315413174,0.11685846505675693,0.1726771465041991,latlon,6,54,40,7,6,7,32,64,48,32,6,6.0,2.0,2.0,0.05,0.2,0.1,0.05,0.0001,0.0001,true,cuda,18723.328666,325905,47139,94458,5,15,0.16413614862249906,0.10756954567551481,3407,256,0.0002
kelmarsh,WORLD_MODEL,world_model_state_space_v1_farm_sync,next_6h_from_24h,dense_sliding,144,36,1,raw_chrono_70_10_20_strict_closed,val,non_overlap,horizon,25,250,1310,7826,2022-04-22 04:40:00,2023-03-15 16:30:00,246.0219939943777,362.7924113859936,0.12001072693261045,0.1769719089956403,latlon,6,54,40,7,6,7,32,64,48,32,6,6.0,2.0,2.0,0.05,0.2,0.1,0.05,0.0001,0.0001,true,cuda,18723.328666,325905,47139,94458,5,15,0.16413614862249906,0.10756954567551481,3407,256,0.0002
kelmarsh,WORLD_MODEL,world_model_state_space_v1_farm_sync,next_6h_from_24h,dense_sliding,144,36,1,raw_chrono_70_10_20_strict_closed,val,non_overlap,horizon,26,260,1310,7827,2022-04-22 04:40:00,2023-03-15 16:30:00,252.117041770474,372.87276706889907,0.12298392445340199,0.18188915300367578,latlon,6,54,40,7,6,7,32,64,48,32,6,6.0,2.0,2.0,0.05,0.2,0.1,0.05,0.0001,0.0001,true,cuda,18723.328666,325905,47139,94458,5,15,0.16413614862249906,0.10756954567551481,3407,256,0.0002
kelmarsh,WORLD_MODEL,world_model_state_space_v1_farm_sync,next_6h_from_24h,dense_sliding,144,36,1,raw_chrono_70_10_20_strict_closed,val,non_overlap,horizon,27,270,1310,7828,2022-04-22 04:40:00,2023-03-15 16:30:00,253.67787409778998,372.28014846652593,0.12374530669433095,0.18160007490806518,latlon,6,54,40,7,6,7,32,64,48,32,6,6.0,2.0,2.0,0.05,0.2,0.1,0.05,0.0001,0.0001,true,cuda,18723.328666,325905,47139,94458,5,15,0.16413614862249906,0.10756954567551481,3407,256,0.0002
kelmarsh,WORLD_MODEL,world_model_state_space_v1_farm_sync,next_6h_from_24h,dense_sliding,144,36,1,raw_chrono_70_10_20_strict_closed,val,non_overlap,horizon,28,280,1310,7829,2022-04-22 04:40:00,2023-03-15 16:30:00,258.08779058628176,376.4156612468888,0.1258964840670566,0.18361739799729493,latlon,6,54,40,7,6,7,32,64,48,32,6,6.0,2.0,2.0,0.05,0.2,0.1,0.05,0.0001,0.0001,true,cuda,18723.328666,325905,47139,94458,5,15,0.16413614862249906,0.10756954567551481,3407,256,0.0002
kelmarsh,WORLD_MODEL,world_model_state_space_v1_farm_sync,next_6h_from_24h,dense_sliding,144,36,1,raw_chrono_70_10_20_strict_closed,val,non_overlap,horizon,29,290,1310,7832,2022-04-22 04:40:00,2023-03-15 16:30:00,261.6036852017365,382.36036326389967,0.12761155041781339,0.1865172483295227,latlon,6,54,40,7,6,7,32,64,48,32,6,6.0,2.0,2.0,0.05,0.2,0.1,0.05,0.0001,0.0001,true,cuda,18723.328666,325905,47139,94458,5,15,0.16413614862249906,0.10756954567551481,3407,256,0.0002
kelmarsh,WORLD_MODEL,world_model_state_space_v1_farm_sync,next_6h_from_24h,dense_sliding,144,36,1,raw_chrono_70_10_20_strict_closed,val,non_overlap,horizon,30,300,1310,7827,2022-04-22 04:40:00,2023-03-15 16:30:00,261.09015467292704,382.6845481541385,0.12736105148219903,0.1866753902592513,latlon,6,54,40,7,6,7,32,64,48,32,6,6.0,2.0,2.0,0.05,0.2,0.1,0.05,0.0001,0.0001,true,cuda,18723.328666,325905,47139,94458,5,15,0.16413614862249906,0.10756954567551481,3407,256,0.0002
kelmarsh,WORLD_MODEL,world_model_state_space_v1_farm_sync,next_6h_from_24h,dense_sliding,144,36,1,raw_chrono_70_10_20_strict_closed,val,non_overlap,horizon,31,310,1310,7827,2022-04-22 04:40:00,2023-03-15 16:30:00,267.18197425578126,392.27702108978224,0.1303326733590269,0.19135464684215459,latlon,6,54,40,7,6,7,32,64,48,32,6,6.0,2.0,2.0,0.05,0.2,0.1,0.05,0.0001,0.0001,true,cuda,18723.328666,325905,47139,94458,5,15,0.16413614862249906,0.10756954567551481,3407,256,0.0002
kelmarsh,WORLD_MODEL,world_model_state_space_v1_farm_sync,next_6h_from_24h,dense_sliding,144,36,1,raw_chrono_70_10_20_strict_closed,val,non_overlap,horizon,32,320,1310,7825,2022-04-22 04:40:00,2023-03-15 16:30:00,269.0584704472843,393.349428020382,0.13124803293246431,0.19187776908873622,latlon,6,54,40,7,6,7,32,64,48,32,6,6.0,2.0,2.0,0.05,0.2,0.1,0.05,0.0001,0.0001,true,cuda,18723.328666,325905,47139,94458,5,15,0.16413614862249906,0.10756954567551481,3407,256,0.0002
kelmarsh,WORLD_MODEL,world_model_state_space_v1_farm_sync,next_6h_from_24h,dense_sliding,144,36,1,raw_chrono_70_10_20_strict_closed,val,non_overlap,horizon,33,330,1310,7823,2022-04-22 04:40:00,2023-03-15 16:30:00,271.8463744727087,397.25220976652486,0.132607984341701,0.193781565107645,latlon,6,54,40,7,6,7,32,64,48,32,6,6.0,2.0,2.0,0.05,0.2,0.1,0.05,0.0001,0.0001,true,cuda,18723.328666,325905,47139,94458,5,15,0.16413614862249906,0.10756954567551481,3407,256,0.0002
kelmarsh,WORLD_MODEL,world_model_state_space_v1_farm_sync,next_6h_from_24h,dense_sliding,144,36,1,raw_chrono_70_10_20_strict_closed,val,non_overlap,horizon,34,340,1310,7821,2022-04-22 04:40:00,2023-03-15 16:30:00,274.70239779120317,401.35278470831753,0.13400117352008514,0.19578184418801584,latlon,6,54,40,7,6,7,32,64,48,32,6,6.0,2.0,2.0,0.05,0.2,0.1,0.05,0.0001,0.0001,true,cuda,18723.328666,325905,47139,94458,5,15,0.16413614862249906,0.10756954567551481,3407,256,0.0002
kelmarsh,WORLD_MODEL,world_model_state_space_v1_farm_sync,next_6h_from_24h,dense_sliding,144,36,1,raw_chrono_70_10_20_strict_closed,val,non_overlap,horizon,35,350,1310,7823,2022-04-22 04:40:00,2023-03-15 16:30:00,279.8416268535089,408.63127618586043,0.13650811268639323,0.19933232841088408,latlon,6,54,40,7,6,7,32,64,48,32,6,6.0,2.0,2.0,0.05,0.2,0.1,0.05,0.0001,0.0001,true,cuda,18723.328666,325905,47139,94458,5,15,0.16413614862249906,0.10756954567551481,3407,256,0.0002
kelmarsh,WORLD_MODEL,world_model_state_space_v1_farm_sync,next_6h_from_24h,dense_sliding,144,36,1,raw_chrono_70_10_20_strict_closed,val,non_overlap,horizon,36,360,1310,7822,2022-04-22 04:40:00,2023-03-15 16:30:00,284.1949549347993,412.0749498024192,0.13863168753982658,0.20101216350114612,latlon,6,54,40,7,6,7,32,64,48,32,6,6.0,2.0,2.0,0.05,0.2,0.1,0.05,0.0001,0.0001,true,cuda,18723.328666,325905,47139,94458,5,15,0.16413614862249906,0.10756954567551481,3407,256,0.0002
kelmarsh,WORLD_MODEL,world_model_state_space_v1_farm_sync,next_6h_from_24h,dense_sliding,144,36,1,raw_chrono_70_10_20_strict_closed,test,rolling_origin_no_refit,overall,,,94458,20300940,2023-03-16 19:00:00,2024-12-31 23:50:00,232.41306604983563,355.19569154868964,0.11337222715590742,0.17326619150254371,latlon,6,54,40,7,6,7,32,64,48,32,6,6.0,2.0,2.0,0.05,0.2,0.1,0.05,0.0001,0.0001,true,cuda,18723.328666,325905,47139,94458,5,15,0.16413614862249906,0.10756954567551481,3407,256,0.0002
kelmarsh,WORLD_MODEL,world_model_state_space_v1_farm_sync,next_6h_from_24h,dense_sliding,144,36,1,raw_chrono_70_10_20_strict_closed,test,rolling_origin_no_refit,horizon,1,10,94458,563915,2023-03-16 19:00:00,2024-12-31 23:50:00,98.23900132273162,160.0166818614849,0.04792146425428232,0.07805691783017711,latlon,6,54,40,7,6,7,32,64,48,32,6,6.0,2.0,2.0,0.05,0.2,0.1,0.05,0.0001,0.0001,true,cuda,18723.328666,325905,47139,94458,5,15,0.16413614862249906,0.10756954567551481,3407,256,0.0002
kelmarsh,WORLD_MODEL,world_model_state_space_v1_farm_sync,next_6h_from_24h,dense_sliding,144,36,1,raw_chrono_70_10_20_strict_closed,test,rolling_origin_no_refit,horizon,2,20,94458,563915,2023-03-16 19:00:00,2024-12-31 23:50:00,123.86463448648344,198.97797329371096,0.060421772622901895,0.09706242611823032,latlon,6,54,40,7,6,7,32,64,48,32,6,6.0,2.0,2.0,0.05,0.2,0.1,0.05,0.0001,0.0001,true,cuda,18723.328666,325905,47139,94458,5,15,0.16413614862249906,0.10756954567551481,3407,256,0.0002
kelmarsh,WORLD_MODEL,world_model_state_space_v1_farm_sync,next_6h_from_24h,dense_sliding,144,36,1,raw_chrono_70_10_20_strict_closed,test,rolling_origin_no_refit,horizon,3,30,94458,563915,2023-03-16 19:00:00,2024-12-31 23:50:00,139.37752933696513,221.70189441894723,0.06798903870339264,0.10814726557517379,latlon,6,54,40,7,6,7,32,64,48,32,6,6.0,2.0,2.0,0.05,0.2,0.1,0.05,0.0001,0.0001,true,cuda,18723.328666,325905,47139,94458,5,15,0.16413614862249906,0.10756954567551481,3407,256,0.0002
kelmarsh,WORLD_MODEL,world_model_state_space_v1_farm_sync,next_6h_from_24h,dense_sliding,144,36,1,raw_chrono_70_10_20_strict_closed,test,rolling_origin_no_refit,horizon,4,40,94458,563915,2023-03-16 19:00:00,2024-12-31 23:50:00,151.33189614195513,238.5062540917621,0.07382043749697809,0.11634451423500651,latlon,6,54,40,7,6,7,32,64,48,32,6,6.0,2.0,2.0,0.05,0.2,0.1,0.05,0.0001,0.0001,true,cuda,18723.328666,325905,47139,94458,5,15,0.16413614862249906,0.10756954567551481,3407,256,0.0002
kelmarsh,WORLD_MODEL,world_model_state_space_v1_farm_sync,next_6h_from_24h,dense_sliding,144,36,1,raw_chrono_70_10_20_strict_closed,test,rolling_origin_no_refit,horizon,5,50,94458,563915,2023-03-16 19:00:00,2024-12-31 23:50:00,161.2412303565323,252.37880847809043,0.07865425860673686,0.12311161371567754,latlon,6,54,40,7,6,7,32,64,48,32,6,6.0,2.0,2.0,0.05,0.2,0.1,0.05,0.0001,0.0001,true,cuda,18723.328666,325905,47139,94458,5,15,0.16413614862249906,0.10756954567551481,3407,256,0.0002
kelmarsh,WORLD_MODEL,world_model_state_space_v1_farm_sync,next_6h_from_24h,dense_sliding,144,36,1,raw_chrono_70_10_20_strict_closed,test,rolling_origin_no_refit,horizon,6,60,94458,563915,2023-03-16 19:00:00,2024-12-31 23:50:00,169.94133477398591,264.14027338214436,0.08289821263932742,0.1288489133975753,latlon,6,54,40,7,6,7,32,64,48,32,6,6.0,2.0,2.0,0.05,0.2,0.1,0.05,0.0001,0.0001,true,cuda,18723.328666,325905,47139,94458,5,15,0.16413614862249906,0.10756954567551481,3407,256,0.0002
kelmarsh,WORLD_MODEL,world_model_state_space_v1_farm_sync,next_6h_from_24h,dense_sliding,144,36,1,raw_chrono_70_10_20_strict_closed,test,rolling_origin_no_refit,horizon,7,70,94458,563915,2023-03-16 19:00:00,2024-12-31 23:50:00,177.80881616706003,274.663024919351,0.08673600800166356,0.1339819638822457,latlon,6,54,40,7,6,7,32,64,48,32,6,6.0,2.0,2.0,0.05,0.2,0.1,0.05,0.0001,0.0001,true,cuda,18723.328666,325905,47139,94458,5,15,0.16413614862249906,0.10756954567551481,3407,256,0.0002
kelmarsh,WORLD_MODEL,world_model_state_space_v1_farm_sync,next_6h_from_24h,dense_sliding,144,36,1,raw_chrono_70_10_20_strict_closed,test,rolling_origin_no_refit,horizon,8,80,94458,563915,2023-03-16 19:00:00,2024-12-31 23:50:00,185.14060998265543,284.40789280434785,0.09031249237211907,0.13873555724746772,latlon,6,54,40,7,6,7,32,64,48,32,6,6.0,2.0,2.0,0.05,0.2,0.1,0.05,0.0001,0.0001,true,cuda,18723.328666,325905,47139,94458,5,15,0.16413614862249906,0.10756954567551481,3407,256,0.0002
kelmarsh,WORLD_MODEL,world_model_state_space_v1_farm_sync,next_6h_from_24h,dense_sliding,144,36,1,raw_chrono_70_10_20_strict_closed,test,rolling_origin_no_refit,horizon,9,90,94458,563915,2023-03-16 19:00:00,2024-12-31 23:50:00,191.84804981335492,293.2628252794276,0.09358441433779252,0.14305503675894046,latlon,6,54,40,7,6,7,32,64,48,32,6,6.0,2.0,2.0,0.05,0.2,0.1,0.05,0.0001,0.0001,true,cuda,18723.328666,325905,47139,94458,5,15,0.16413614862249906,0.10756954567551481,3407,256,0.0002
kelmarsh,WORLD_MODEL,world_model_state_space_v1_farm_sync,next_6h_from_24h,dense_sliding,144,36,1,raw_chrono_70_10_20_strict_closed,test,rolling_origin_no_refit,horizon,10,100,94458,563915,2023-03-16 19:00:00,2024-12-31 23:50:00,198.12231416608665,301.67319384182395,0.09664503082711103,0.1471576553966859,latlon,6,54,40,7,6,7,32,64,48,32,6,6.0,2.0,2.0,0.05,0.2,0.1,0.05,0.0001,0.0001,true,cuda,18723.328666,325905,47139,94458,5,15,0.16413614862249906,0.10756954567551481,3407,256,0.0002
kelmarsh,WORLD_MODEL,world_model_state_space_v1_farm_sync,next_6h_from_24h,dense_sliding,144,36,1,raw_chrono_70_10_20_strict_closed,test,rolling_origin_no_refit,horizon,11,110,94458,563915,2023-03-16 19:00:00,2024-12-31 23:50:00,204.2782214154477,309.8639443906364,0.09964791249181627,0.15115314394321816,latlon,6,54,40,7,6,7,32,64,48,32,6,6.0,2.0,2.0,0.05,0.2,0.1,0.05,0.0001,0.0001,true,cuda,18723.328666,325905,47139,94458,5,15,0.16413614862249906,0.10756954567551481,3407,256,0.0002
kelmarsh,WORLD_MODEL,world_model_state_space_v1_farm_sync,next_6h_from_24h,dense_sliding,144,36,1,raw_chrono_70_10_20_strict_closed,test,rolling_origin_no_refit,horizon,12,120,94458,563915,2023-03-16 19:00:00,2024-12-31 23:50:00,209.85571106752016,317.4573754244422,0.10236863902077191,0.15485725620227778,latlon,6,54,40,7,6,7,32,64,48,32,6,6.0,2.0,2.0,0.05,0.2,0.1,0.05,0.0001,0.0001,true,cuda,18723.328666,325905,47139,94458,5,15,0.16413614862249906,0.10756954567551481,3407,256,0.0002
kelmarsh,WORLD_MODEL,world_model_state_space_v1_farm_sync,next_6h_from_24h,dense_sliding,144,36,1,raw_chrono_70_10_20_strict_closed,test,rolling_origin_no_refit,horizon,13,130,94458,563915,2023-03-16 19:00:00,2024-12-31 23:50:00,215.32600139153425,325.2363187403637,0.10503707412570633,0.15865186310589838,latlon,6,54,40,7,6,7,32,64,48,32,6,6.0,2.0,2.0,0.05,0.2,0.1,0.05,0.0001,0.0001,true,cuda,18723.328666,325905,47139,94458,5,15,0.16413614862249906,0.10756954567551481,3407,256,0.0002
kelmarsh,WORLD_MODEL,world_model_state_space_v1_farm_sync,next_6h_from_24h,dense_sliding,144,36,1,raw_chrono_70_10_20_strict_closed,test,rolling_origin_no_refit,horizon,14,140,94458,563915,2023-03-16 19:00:00,2024-12-31 23:50:00,220.49741263366377,332.1206539694113,0.10755971370211759,0.16201007539784965,latlon,6,54,40,7,6,7,32,64,48,32,6,6.0,2.0,2.0,0.05,0.2,0.1,0.05,0.0001,0.0001,true,cuda,18723.328666,325905,47139,94458,5,15,0.16413614862249906,0.10756954567551481,3407,256,0.0002
kelmarsh,WORLD_MODEL,world_model_state_space_v1_farm_sync,next_6h_from_24h,dense_sliding,144,36,1,raw_chrono_70_10_20_strict_closed,test,rolling_origin_no_refit,horizon,15,150,94458,563915,2023-03-16 19:00:00,2024-12-31 23:50:00,225.78929494651788,339.55309558726907,0.110141119556967,0.16563565662317675,latlon,6,54,40,7,6,7,32,64,48,32,6,6.0,2.0,2.0,0.05,0.2,0.1,0.05,0.0001,0.0001,true,cuda,18723.328666,325905,47139,94458,5,15,0.16413614862249906,0.10756954567551481,3407,256,0.0002
kelmarsh,WORLD_MODEL,world_model_state_space_v1_farm_sync,next_6h_from_24h,dense_sliding,144,36,1,raw_chrono_70_10_20_strict_closed,test,rolling_origin_no_refit,horizon,16,160,94458,563915,2023-03-16 19:00:00,2024-12-31 23:50:00,230.5528455744383,346.19218206630137,0.11246480283401232,0.16887423466027315,latlon,6,54,40,7,6,7,32,64,48,32,6,6.0,2.0,2.0,0.05,0.2,0.1,0.05,0.0001,0.0001,true,cuda,18723.328666,325905,47139,94458,5,15,0.16413614862249906,0.10756954567551481,3407,256,0.0002
kelmarsh,WORLD_MODEL,world_model_state_space_v1_farm_sync,next_6h_from_24h,dense_sliding,144,36,1,raw_chrono_70_10_20_strict_closed,test,rolling_origin_no_refit,horizon,17,170,94458,563915,2023-03-16 19:00:00,2024-12-31 23:50:00,235.34527685009598,352.6992070815358,0.11480257371216004,0.17204839409784775,latlon,6,54,40,7,6,7,32,64,48,32,6,6.0,2.0,2.0,0.05,0.2,0.1,0.05,0.0001,0.0001,true,cuda,18723.328666,325905,47139,94458,5,15,0.16413614862249906,0.10756954567551481,3407,256,0.0002
kelmarsh,WORLD_MODEL,world_model_state_space_v1_farm_sync,next_6h_from_24h,dense_sliding,144,36,1,raw_chrono_70_10_20_strict_closed,test,rolling_origin_no_refit,horizon,18,180,94458,563915,2023-03-16 19:00:00,2024-12-31 23:50:00,240.19314057470984,359.49994410814224,0.11716738604867617,0.17536582643762533,latlon,6,54,40,7,6,7,32,64,48,32,6,6.0,2.0,2.0,0.05,0.2,0.1,0.05,0.0001,0.0001,true,cuda,18723.328666,325905,47139,94458,5,15,0.16413614862249906,0.10756954567551481,3407,256,0.0002
kelmarsh,WORLD_MODEL,world_model_state_space_v1_farm_sync,next_6h_from_24h,dense_sliding,144,36,1,raw_chrono_70_10_20_strict_closed,test,rolling_origin_no_refit,horizon,19,190,94458,563915,2023-03-16 19:00:00,2024-12-31 23:50:00,244.82038857252422,365.6695481482415,0.11942458023946366,0.17837538905665182,latlon,6,54,40,7,6,7,32,64,48,32,6,6.0,2.0,2.0,0.05,0.2,0.1,0.05,0.0001,0.0001,true,cuda,18723.328666,325905,47139,94458,5,15,0.16413614862249906,0.10756954567551481,3407,256,0.0002
kelmarsh,WORLD_MODEL,world_model_state_space_v1_farm_sync,next_6h_from_24h,dense_sliding,144,36,1,raw_chrono_70_10_20_strict_closed,test,rolling_origin_no_refit,horizon,20,200,94458,563915,2023-03-16 19:00:00,2024-12-31 23:50:00,249.57084879674906,371.87832529903767,0.12174187735533398,0.18140406149859598,latlon,6,54,40,7,6,7,32,64,48,32,6,6.0,2.0,2.0,0.05,0.2,0.1,0.05,0.0001,0.0001,true,cuda,18723.328666,325905,47139,94458,5,15,0.16413614862249906,0.10756954567551481,3407,256,0.0002
kelmarsh,WORLD_MODEL,world_model_state_space_v1_farm_sync,next_6h_from_24h,dense_sliding,144,36,1,raw_chrono_70_10_20_strict_closed,test,rolling_origin_no_refit,horizon,21,210,94458,563915,2023-03-16 19:00:00,2024-12-31 23:50:00,253.73674940725496,377.2696341410405,0.12377402401737403,0.18403396828624108,latlon,6,54,40,7,6,7,32,64,48,32,6,6.0,2.0,2.0,0.05,0.2,0.1,0.05,0.0001,0.0001,true,cuda,18723.328666,325905,47139,94458,5,15,0.16413614862249906,0.10756954567551481,3407,256,0.0002
kelmarsh,WORLD_MODEL,world_model_state_space_v1_farm_sync,next_6h_from_24h,dense_sliding,144,36,1,raw_chrono_70_10_20_strict_closed,test,rolling_origin_no_refit,horizon,22,220,94458,563915,2023-03-16 19:00:00,2024-12-31 23:50:00,257.93086692545086,382.8815875512165,0.1258199352744256,0.18677150578745486,latlon,6,54,40,7,6,7,32,64,48,32,6,6.0,2.0,2.0,0.05,0.2,0.1,0.05,0.0001,0.0001,true,cuda,18723.328666,325905,47139,94458,5,15,0.16413614862249906,0.10756954567551481,3407,256,0.0002
kelmarsh,WORLD_MODEL,world_model_state_space_v1_farm_sync,next_6h_from_24h,dense_sliding,144,36,1,raw_chrono_70_10_20_strict_closed,test,rolling_origin_no_refit,horizon,23,230,94458,563915,2023-03-16 19:00:00,2024-12-31 23:50:00,261.99797382958315,388.3043932867632,0.1278038896208382,0.18941677727304104,latlon,6,54,40,7,6,7,32,64,48,32,6,6.0,2.0,2.0,0.05,0.2,0.1,0.05,0.0001,0.0001,true,cuda,18723.328666,325905,47139,94458,5,15,0.16413614862249906,0.10756954567551481,3407,256,0.0002
kelmarsh,WORLD_MODEL,world_model_state_space_v1_farm_sync,next_6h_from_24h,dense_sliding,144,36,1,raw_chrono_70_10_20_strict_closed,test,rolling_origin_no_refit,horizon,24,240,94458,563915,2023-03-16 19:00:00,2024-12-31 23:50:00,265.90315216084207,393.1980132757737,0.12970885436804178,0.19180390909527834,latlon,6,54,40,7,6,7,32,64,48,32,6,6.0,2.0,2.0,0.05,0.2,0.1,0.05,0.0001,0.0001,true,cuda,18723.328666,325905,47139,94458,5,15,0.16413614862249906,0.10756954567551481,3407,256,0.0002
kelmarsh,WORLD_MODEL,world_model_state_space_v1_farm_sync,next_6h_from_24h,dense_sliding,144,36,1,raw_chrono_70_10_20_strict_closed,test,rolling_origin_no_refit,horizon,25,250,94458,563915,2023-03-16 19:00:00,2024-12-31 23:50:00,269.57976947780804,398.2392229213273,0.131502326151272,0.1942630356341871,latlon,6,54,40,7,6,7,32,64,48,32,6,6.0,2.0,2.0,0.05,0.2,0.1,0.05,0.0001,0.0001,true,cuda,18723.328666,325905,47139,94458,5,15,0.16413614862249906,0.10756954567551481,3407,256,0.0002
kelmarsh,WORLD_MODEL,world_model_state_space_v1_farm_sync,next_6h_from_24h,dense_sliding,144,36,1,raw_chrono_70_10_20_strict_closed,test,rolling_origin_no_refit,horizon,26,260,94458,563915,2023-03-16 19:00:00,2024-12-31 23:50:00,273.40528397522786,402.8799535681693,0.13336843135100415,0.19652680688034538,latlon,6,54,40,7,6,7,32,64,48,32,6,6.0,2.0,2.0,0.05,0.2,0.1,0.05,0.0001,0.0001,true,cuda,18723.328666,325905,47139,94458,5,15,0.16413614862249906,0.10756954567551481,3407,256,0.0002
kelmarsh,WORLD_MODEL,world_model_state_space_v1_farm_sync,next_6h_from_24h,dense_sliding,144,36,1,raw_chrono_70_10_20_strict_closed,test,rolling_origin_no_refit,horizon,27,270,94458,563915,2023-03-16 19:00:00,2024-12-31 23:50:00,276.7579435661292,407.42676094324537,0.13500387532660948,0.19874476132522653,latlon,6,54,40,7,6,7,32,64,48,32,6,6.0,2.0,2.0,0.05,0.2,0.1,0.05,0.0001,0.0001,true,cuda,18723.328666,325905,47139,94458,5,15,0.16413614862249906,0.10756954567551481,3407,256,0.0002
kelmarsh,WORLD_MODEL,world_model_state_space_v1_farm_sync,next_6h_from_24h,dense_sliding,144,36,1,raw_chrono_70_10_20_strict_closed,test,rolling_origin_no_refit,horizon,28,280,94458,563915,2023-03-16 19:00:00,2024-12-31 23:50:00,280.4015276189951,411.95489898660685,0.1367812332685429,0.20095360893540792,latlon,6,54,40,7,6,7,32,64,48,32,6,6.0,2.0,2.0,0.05,0.2,0.1,0.05,0.0001,0.0001,true,cuda,18723.328666,325905,47139,94458,5,15,0.16413614862249906,0.10756954567551481,3407,256,0.0002
kelmarsh,WORLD_MODEL,world_model_state_space_v1_farm_sync,next_6h_from_24h,dense_sliding,144,36,1,raw_chrono_70_10_20_strict_closed,test,rolling_origin_no_refit,horizon,29,290,94458,563915,2023-03-16 19:00:00,2024-12-31 23:50:00,283.6044571523689,416.00928889575255,0.1383436365710086,0.20293136099567644,latlon,6,54,40,7,6,7,32,64,48,32,6,6.0,2.0,2.0,0.05,0.2,0.1,0.05,0.0001,0.0001,true,cuda,18723.328666,325905,47139,94458,5,15,0.16413614862249906,0.10756954567551481,3407,256,0.0002
kelmarsh,WORLD_MODEL,world_model_state_space_v1_farm_sync,next_6h_from_24h,dense_sliding,144,36,1,raw_chrono_70_10_20_strict_closed,test,rolling_origin_no_refit,horizon,30,300,94458,563915,2023-03-16 19:00:00,2024-12-31 23:50:00,286.68549773126267,420.23999851436815,0.1398465835465625,0.2049951207633784,latlon,6,54,40,7,6,7,32,64,48,32,6,6.0,2.0,2.0,0.05,0.2,0.1,0.05,0.0001,0.0001,true,cuda,18723.328666,325905,47139,94458,5,15,0.16413614862249906,0.10756954567551481,3407,256,0.0002
kelmarsh,WORLD_MODEL,world_model_state_space_v1_farm_sync,next_6h_from_24h,dense_sliding,144,36,1,raw_chrono_70_10_20_strict_closed,test,rolling_origin_no_refit,horizon,31,310,94458,563915,2023-03-16 19:00:00,2024-12-31 23:50:00,289.99001389144416,424.4894996704366,0.141458544032646,0.20706804855627736,latlon,6,54,40,7,6,7,32,64,48,32,6,6.0,2.0,2.0,0.05,0.2,0.1,0.05,0.0001,0.0001,true,cuda,18723.328666,325905,47139,94458,5,15,0.16413614862249906,0.10756954567551481,3407,256,0.0002
kelmarsh,WORLD_MODEL,world_model_state_space_v1_farm_sync,next_6h_from_24h,dense_sliding,144,36,1,raw_chrono_70_10_20_strict_closed,test,rolling_origin_no_refit,horizon,32,320,94458,563915,2023-03-16 19:00:00,2024-12-31 23:50:00,292.9130795871552,428.1369656162169,0.1428844285628779,0.20884730068405422,latlon,6,54,40,7,6,7,32,64,48,32,6,6.0,2.0,2.0,0.05,0.2,0.1,0.05,0.0001,0.0001,true,cuda,18723.328666,325905,47139,94458,5,15,0.16413614862249906,0.10756954567551481,3407,256,0.0002
kelmarsh,WORLD_MODEL,world_model_state_space_v1_farm_sync,next_6h_from_24h,dense_sliding,144,36,1,raw_chrono_70_10_20_strict_closed,test,rolling_origin_no_refit,horizon,33,330,94458,563915,2023-03-16 19:00:00,2024-12-31 23:50:00,295.8532909021085,431.98484449021544,0.14431867831769063,0.210724313455092,latlon,6,54,40,7,6,7,32,64,48,32,6,6.0,2.0,2.0,0.05,0.2,0.1,0.05,0.0001,0.0001,true,cuda,18723.328666,325905,47139,94458,5,15,0.16413614862249906,0.10756954567551481,3407,256,0.0002
kelmarsh,WORLD_MODEL,world_model_state_space_v1_farm_sync,next_6h_from_24h,dense_sliding,144,36,1,raw_chrono_70_10_20_strict_closed,test,rolling_origin_no_refit,horizon,34,340,94458,563915,2023-03-16 19:00:00,2024-12-31 23:50:00,298.7895875299524,435.8366954971384,0.1457510168172753,0.2126032655666045,latlon,6,54,40,7,6,7,32,64,48,32,6,6.0,2.0,2.0,0.05,0.2,0.1,0.05,0.0001,0.0001,true,cuda,18723.328666,325905,47139,94458,5,15,0.16413614862249906,0.10756954567551481,3407,256,0.0002
kelmarsh,WORLD_MODEL,world_model_state_space_v1_farm_sync,next_6h_from_24h,dense_sliding,144,36,1,raw_chrono_70_10_20_strict_closed,test,rolling_origin_no_refit,horizon,35,350,94458,563915,2023-03-16 19:00:00,2024-12-31 23:50:00,301.57053640203975,439.4808359894947,0.14710757887196538,0.21438089594146947,latlon,6,54,40,7,6,7,32,64,48,32,6,6.0,2.0,2.0,0.05,0.2,0.1,0.05,0.0001,0.0001,true,cuda,18723.328666,325905,47139,94458,5,15,0.16413614862249906,0.10756954567551481,3407,256,0.0002
kelmarsh,WORLD_MODEL,world_model_state_space_v1_farm_sync,next_6h_from_24h,dense_sliding,144,36,1,raw_chrono_70_10_20_strict_closed,test,rolling_origin_no_refit,horizon,36,360,94458,563915,2023-03-16 19:00:00,2024-12-31 23:50:00,304.60610744194605,443.17808039210973,0.1485883447238458,0.21618442939657292,latlon,6,54,40,7,6,7,32,64,48,32,6,6.0,2.0,2.0,0.05,0.2,0.1,0.05,0.0001,0.0001,true,cuda,18723.328666,325905,47139,94458,5,15,0.16413614862249906,0.10756954567551481,3407,256,0.0002
kelmarsh,WORLD_MODEL,world_model_state_space_v1_farm_sync,next_6h_from_24h,dense_sliding,144,36,1,raw_chrono_70_10_20_strict_closed,test,non_overlap,overall,,,2624,563951,2023-03-16 19:00:00,2024-12-31 19:00:00,230.75911471032057,352.63866569767015,0.1125654220388274,0.17201886335592168,latlon,6,54,40,7,6,7,32,64,48,32,6,6.0,2.0,2.0,0.05,0.2,0.1,0.05,0.0001,0.0001,true,cuda,18723.328666,325905,47139,94458,5,15,0.16413614862249906,0.10756954567551481,3407,256,0.0002
kelmarsh,WORLD_MODEL,world_model_state_space_v1_farm_sync,next_6h_from_24h,dense_sliding,144,36,1,raw_chrono_70_10_20_strict_closed,test,non_overlap,horizon,1,10,2624,15670,2023-03-16 19:00:00,2024-12-31 19:00:00,98.32680380504148,159.40220889029916,0.047964293620505756,0.07775717415432983,latlon,6,54,40,7,6,7,32,64,48,32,6,6.0,2.0,2.0,0.05,0.2,0.1,0.05,0.0001,0.0001,true,cuda,18723.328666,325905,47139,94458,5,15,0.16413614862249906,0.10756954567551481,3407,256,0.0002
kelmarsh,WORLD_MODEL,world_model_state_space_v1_farm_sync,next_6h_from_24h,dense_sliding,144,36,1,raw_chrono_70_10_20_strict_closed,test,non_overlap,horizon,2,20,2624,15671,2023-03-16 19:00:00,2024-12-31 19:00:00,125.35787591331122,201.19058364548337,0.06115018430662006,0.09814174952114083,latlon,6,54,40,7,6,7,32,64,48,32,6,6.0,2.0,2.0,0.05,0.2,0.1,0.05,0.0001,0.0001,true,cuda,18723.328666,325905,47139,94458,5,15,0.16413614862249906,0.10756954567551481,3407,256,0.0002
kelmarsh,WORLD_MODEL,world_model_state_space_v1_farm_sync,next_6h_from_24h,dense_sliding,144,36,1,raw_chrono_70_10_20_strict_closed,test,non_overlap,horizon,3,30,2624,15675,2023-03-16 19:00:00,2024-12-31 19:00:00,137.80516447368421,219.1960298945469,0.06722203158875972,0.10692489214464272,latlon,6,54,40,7,6,7,32,64,48,32,6,6.0,2.0,2.0,0.05,0.2,0.1,0.05,0.0001,0.0001,true,cuda,18723.328666,325905,47139,94458,5,15,0.16413614862249906,0.10756954567551481,3407,256,0.0002
kelmarsh,WORLD_MODEL,world_model_state_space_v1_farm_sync,next_6h_from_24h,dense_sliding,144,36,1,raw_chrono_70_10_20_strict_closed,test,non_overlap,horizon,4,40,2624,15682,2023-03-16 19:00:00,2024-12-31 19:00:00,149.36563117746462,235.26378675000004,0.0728612835804672,0.11476282232476828,latlon,6,54,40,7,6,7,32,64,48,32,6,6.0,2.0,2.0,0.05,0.2,0.1,0.05,0.0001,0.0001,true,cuda,18723.328666,325905,47139,94458,5,15,0.16413614862249906,0.10756954567551481,3407,256,0.0002
kelmarsh,WORLD_MODEL,world_model_state_space_v1_farm_sync,next_6h_from_24h,dense_sliding,144,36,1,raw_chrono_70_10_20_strict_closed,test,non_overlap,horizon,5,50,2624,15685,2023-03-16 19:00:00,2024-12-31 19:00:00,160.23385997768568,248.49742191058354,0.07816285925911687,0.12121825477694616,latlon,6,54,40,7,6,7,32,64,48,32,6,6.0,2.0,2.0,0.05,0.2,0.1,0.05,0.0001,0.0001,true,cuda,18723.328666,325905,47139,94458,5,15,0.16413614862249906,0.10756954567551481,3407,256,0.0002
kelmarsh,WORLD_MODEL,world_model_state_space_v1_farm_sync,next_6h_from_24h,dense_sliding,144,36,1,raw_chrono_70_10_20_strict_closed,test,non_overlap,horizon,6,60,2624,15685,2023-03-16 19:00:00,2024-12-31 19:00:00,169.0390590133886,261.18324415211026,0.08245807631896641,0.12740646109686518,latlon,6,54,40,7,6,7,32,64,48,32,6,6.0,2.0,2.0,0.05,0.2,0.1,0.05,0.0001,0.0001,true,cuda,18723.328666,325905,47139,94458,5,15,0.16413614862249906,0.10756954567551481,3407,256,0.0002
kelmarsh,WORLD_MODEL,world_model_state_space_v1_farm_sync,next_6h_from_24h,dense_sliding,144,36,1,raw_chrono_70_10_20_strict_closed,test,non_overlap,horizon,7,70,2624,15674,2023-03-16 19:00:00,2024-12-31 19:00:00,175.3270922387393,270.3175081028489,0.0855254082864107,0.1318621972020334,latlon,6,54,40,7,6,7,32,64,48,32,6,6.0,2.0,2.0,0.05,0.2,0.1,0.05,0.0001,0.0001,true,cuda,18723.328666,325905,47139,94458,5,15,0.16413614862249906,0.10756954567551481,3407,256,0.0002
kelmarsh,WORLD_MODEL,world_model_state_space_v1_farm_sync,next_6h_from_24h,dense_sliding,144,36,1,raw_chrono_70_10_20_strict_closed,test,non_overlap,horizon,8,80,2624,15670,2023-03-16 19:00:00,2024-12-31 19:00:00,182.90442575382897,278.7037577006764,0.08922167195586087,0.1359530539888287,latlon,6,54,40,7,6,7,32,64,48,32,6,6.0,2.0,2.0,0.05,0.2,0.1,0.05,0.0001,0.0001,true,cuda,18723.328666,325905,47139,94458,5,15,0.16413614862249906,0.10756954567551481,3407,256,0.0002
kelmarsh,WORLD_MODEL,world_model_state_space_v1_farm_sync,next_6h_from_24h,dense_sliding,144,36,1,raw_chrono_70_10_20_strict_closed,test,non_overlap,horizon,9,90,2624,15663,2023-03-16 19:00:00,2024-12-31 19:00:00,189.00394241205387,286.84175324819677,0.0921970438791297,0.1399228059972966,latlon,6,54,40,7,6,7,32,64,48,32,6,6.0,2.0,2.0,0.05,0.2,0.1,0.05,0.0001,0.0001,true,cuda,18723.328666,325905,47139,94458,5,15,0.16413614862249906,0.10756954567551481,3407,256,0.0002
kelmarsh,WORLD_MODEL,world_model_state_space_v1_farm_sync,next_6h_from_24h,dense_sliding,144,36,1,raw_chrono_70_10_20_strict_closed,test,non_overlap,horizon,10,100,2624,15677,2023-03-16 19:00:00,2024-12-31 19:00:00,197.99449581791797,298.5877592883047,0.09658268245194057,0.14565256494154616,latlon,6,54,40,7,6,7,32,64,48,32,6,6.0,2.0,2.0,0.05,0.2,0.1,0.05,0.0001,0.0001,true,cuda,18723.328666,325905,47139,94458,5,15,0.16413614862249906,0.10756954567551481,3407,256,0.0002
kelmarsh,WORLD_MODEL,world_model_state_space_v1_farm_sync,next_6h_from_24h,dense_sliding,144,36,1,raw_chrono_70_10_20_strict_closed,test,non_overlap,horizon,11,110,2624,15676,2023-03-16 19:00:00,2024-12-31 19:00:00,208.05888480001275,316.06617179847916,0.10149213883851857,0.1541786213713826,latlon,6,54,40,7,6,7,32,64,48,32,6,6.0,2.0,2.0,0.05,0.2,0.1,0.05,0.0001,0.0001,true,cuda,18723.328666,325905,47139,94458,5,15,0.16413614862249906,0.10756954567551481,3407,256,0.0002
kelmarsh,WORLD_MODEL,world_model_state_space_v1_farm_sync,next_6h_from_24h,dense_sliding,144,36,1,raw_chrono_70_10_20_strict_closed,test,non_overlap,horizon,12,120,2624,15673,2023-03-16 19:00:00,2024-12-31 19:00:00,212.38735006061378,321.4376736058542,0.10360358574163295,0.15679886566199605,latlon,6,54,40,7,6,7,32,64,48,32,6,6.0,2.0,2.0,0.05,0.2,0.1,0.05,0.0001,0.0001,true,cuda,18723.328666,325905,47139,94458,5,15,0.16413614862249906,0.10756954567551481,3407,256,0.0002
kelmarsh,WORLD_MODEL,world_model_state_space_v1_farm_sync,next_6h_from_24h,dense_sliding,144,36,1,raw_chrono_70_10_20_strict_closed,test,non_overlap,horizon,13,130,2624,15661,2023-03-16 19:00:00,2024-12-31 19:00:00,215.76406459517273,325.8374029384808,0.10525075957415989,0.15894507335095423,latlon,6,54,40,7,6,7,32,64,48,32,6,6.0,2.0,2.0,0.05,0.2,0.1,0.05,0.0001,0.0001,true,cuda,18723.328666,325905,47139,94458,5,15,0.16413614862249906,0.10756954567551481,3407,256,0.0002
kelmarsh,WORLD_MODEL,world_model_state_space_v1_farm_sync,next_6h_from_24h,dense_sliding,144,36,1,raw_chrono_70_10_20_strict_closed,test,non_overlap,horizon,14,140,2624,15660,2023-03-16 19:00:00,2024-12-31 19:00:00,220.3462164750958,333.3734336032782,0.10748595679856808,0.16262118966612768,latlon,6,54,40,7,6,7,32,64,48,32,6,6.0,2.0,2.0,0.05,0.2,0.1,0.05,0.0001,0.0001,true,cuda,18723.328666,325905,47139,94458,5,15,0.16413614862249906,0.10756954567551481,3407,256,0.0002
kelmarsh,WORLD_MODEL,world_model_state_space_v1_farm_sync,next_6h_from_24h,dense_sliding,144,36,1,raw_chrono_70_10_20_strict_closed,test,non_overlap,horizon,15,150,2624,15654,2023-03-16 19:00:00,2024-12-31 19:00:00,224.1388712549508,338.37368051952205,0.10933603447821157,0.16506032934827664,latlon,6,54,40,7,6,7,32,64,48,32,6,6.0,2.0,2.0,0.05,0.2,0.1,0.05,0.0001,0.0001,true,cuda,18723.328666,325905,47139,94458,5,15,0.16413614862249906,0.10756954567551481,3407,256,0.0002
kelmarsh,WORLD_MODEL,world_model_state_space_v1_farm_sync,next_6h_from_24h,dense_sliding,144,36,1,raw_chrono_70_10_20_strict_closed,test,non_overlap,horizon,16,160,2624,15653,2023-03-16 19:00:00,2024-12-31 19:00:00,227.92134095700504,342.18135204126605,0.11118113961850676,0.1669177335702692,latlon,6,54,40,7,6,7,32,64,48,32,6,6.0,2.0,2.0,0.05,0.2,0.1,0.05,0.0001,0.0001,true,cuda,18723.328666,325905,47139,94458,5,15,0.16413614862249906,0.10756954567551481,3407,256,0.0002
kelmarsh,WORLD_MODEL,world_model_state_space_v1_farm_sync,next_6h_from_24h,dense_sliding,144,36,1,raw_chrono_70_10_20_strict_closed,test,non_overlap,horizon,17,170,2624,15654,2023-03-16 19:00:00,2024-12-31 19:00:00,232.7163789007602,351.23345851291657,0.1135201834925628,0.17133339336721773,latlon,6,54,40,7,6,7,32,64,48,32,6,6.0,2.0,2.0,0.05,0.2,0.1,0.05,0.0001,0.0001,true,cuda,18723.328666,325905,47139,94458,5,15,0.16413614862249906,0.10756954567551481,3407,256,0.0002
kelmarsh,WORLD_MODEL,world_model_state_space_v1_farm_sync,next_6h_from_24h,dense_sliding,144,36,1,raw_chrono_70_10_20_strict_closed,test,non_overlap,horizon,18,180,2624,15653,2023-03-16 19:00:00,2024-12-31 19:00:00,236.5980902223216,358.7671408705482,0.11541370062114316,0.1750083630359082,latlon,6,54,40,7,6,7,32,64,48,32,6,6.0,2.0,2.0,0.05,0.2,0.1,0.05,0.0001,0.0001,true,cuda,18723.328666,325905,47139,94458,5,15,0.16413614862249906,0.10756954567551481,3407,256,0.0002
kelmarsh,WORLD_MODEL,world_model_state_space_v1_farm_sync,next_6h_from_24h,dense_sliding,144,36,1,raw_chrono_70_10_20_strict_closed,test,non_overlap,horizon,19,190,2624,15651,2023-03-16 19:00:00,2024-12-31 19:00:00,241.65999826289055,364.42673027009477,0.11788292094454828,0.17776913484011184,latlon,6,54,40,7,6,7,32,64,48,32,6,6.0,2.0,2.0,0.05,0.2,0.1,0.05,0.0001,0.0001,true,cuda,18723.328666,325905,47139,94458,5,15,0.16413614862249906,0.10756954567551481,3407,256,0.0002
kelmarsh,WORLD_MODEL,world_model_state_space_v1_farm_sync,next_6h_from_24h,dense_sliding,144,36,1,raw_chrono_70_10_20_strict_closed,test,non_overlap,horizon,20,200,2624,15659,2023-03-16 19:00:00,2024-12-31 19:00:00,245.50054481448367,368.9357911388761,0.11975636206045333,0.17996867753423365,latlon,6,54,40,7,6,7,32,64,48,32,6,6.0,2.0,2.0,0.05,0.2,0.1,0.05,0.0001,0.0001,true,cuda,18723.328666,325905,47139,94458,5,15,0.16413614862249906,0.10756954567551481,3407,256,0.0002
kelmarsh,WORLD_MODEL,world_model_state_space_v1_farm_sync,next_6h_from_24h,dense_sliding,144,36,1,raw_chrono_70_10_20_strict_closed,test,non_overlap,horizon,21,210,2624,15659,2023-03-16 19:00:00,2024-12-31 19:00:00,248.9650690098346,372.5684658776106,0.12144637526554716,0.1817407155876035,latlon,6,54,40,7,6,7,32,64,48,32,6,6.0,2.0,2.0,0.05,0.2,0.1,0.05,0.0001,0.0001,true,cuda,18723.328666,325905,47139,94458,5,15,0.16413614862249906,0.10756954567551481,3407,256,0.0002
kelmarsh,WORLD_MODEL,world_model_state_space_v1_farm_sync,next_6h_from_24h,dense_sliding,144,36,1,raw_chrono_70_10_20_strict_closed,test,non_overlap,horizon,22,220,2624,15652,2023-03-16 19:00:00,2024-12-31 19:00:00,252.8977706523128,376.57866838585124,0.12336476513896487,0.18369691337746366,latlon,6,54,40,7,6,7,32,64,48,32,6,6.0,2.0,2.0,0.05,0.2,0.1,0.05,0.0001,0.0001,true,cuda,18723.328666,325905,47139,94458,5,15,0.16413614862249906,0.10756954567551481,3407,256,0.0002
kelmarsh,WORLD_MODEL,world_model_state_space_v1_farm_sync,next_6h_from_24h,dense_sliding,144,36,1,raw_chrono_70_10_20_strict_closed,test,non_overlap,horizon,23,230,2624,15654,2023-03-16 19:00:00,2024-12-31 19:00:00,254.94875311422,379.3228525913245,0.12436524305030489,0.18503554085293014,latlon,6,54,40,7,6,7,32,64,48,32,6,6.0,2.0,2.0,0.05,0.2,0.1,0.05,0.0001,0.0001,true,cuda,18723.328666,325905,47139,94458,5,15,0.16413614862249906,0.10756954567551481,3407,256,0.0002
kelmarsh,WORLD_MODEL,world_model_state_space_v1_farm_sync,next_6h_from_24h,dense_sliding,144,36,1,raw_chrono_70_10_20_strict_closed,test,non_overlap,horizon,24,240,2624,15661,2023-03-16 19:00:00,2024-12-31 19:00:00,260.21795483206694,386.0917145976658,0.12693558776906133,0.18833742437678008,latlon,6,54,40,7,6,7,32,64,48,32,6,6.0,2.0,2.0,0.05,0.2,0.1,0.05,0.0001,0.0001,true,cuda,18723.328666,325905,47139,94458,5,15,0.16413614862249906,0.10756954567551481,3407,256,0.0002
kelmarsh,WORLD_MODEL,world_model_state_space_v1_farm_sync,next_6h_from_24h,dense_sliding,144,36,1,raw_chrono_70_10_20_strict_closed,test,non_overlap,horizon,25,250,2624,15659,2023-03-16 19:00:00,2024-12-31 19:00:00,267.72357250622645,395.6019327570309,0.13059686516670974,0.19297655108543246,latlon,6,54,40,7,6,7,32,64,48,32,6,6.0,2.0,2.0,0.05,0.2,0.1,0.05,0.0001,0.0001,true,cuda,18723.328666,325905,47139,94458,5,15,0.16413614862249906,0.10756954567551481,3407,256,0.0002
kelmarsh,WORLD_MODEL,world_model_state_space_v1_farm_sync,next_6h_from_24h,dense_sliding,144,36,1,raw_chrono_70_10_20_strict_closed,test,non_overlap,horizon,26,260,2624,15666,2023-03-16 19:00:00,2024-12-31 19:00:00,269.6356221275373,395.1947589290619,0.13152957099555143,0.19277793012947006,latlon,6,54,40,7,6,7,32,64,48,32,6,6.0,2.0,2.0,0.05,0.2,0.1,0.05,0.0001,0.0001,true,cuda,18723.328666,325905,47139,94458,5,15,0.16413614862249906,0.10756954567551481,3407,256,0.0002
kelmarsh,WORLD_MODEL,world_model_state_space_v1_farm_sync,next_6h_from_24h,dense_sliding,144,36,1,raw_chrono_70_10_20_strict_closed,test,non_overlap,horizon,27,270,2624,15665,2023-03-16 19:00:00,2024-12-31 19:00:00,277.0748803064156,405.1140240554932,0.13515847769553693,0.19761659635209441,latlon,6,54,40,7,6,7,32,64,48,32,6,6.0,2.0,2.0,0.05,0.2,0.1,0.05,0.0001,0.0001,true,cuda,18723.328666,325905,47139,94458,5,15,0.16413614862249906,0.10756954567551481,3407,256,0.0002
kelmarsh,WORLD_MODEL,world_model_state_space_v1_farm_sync,next_6h_from_24h,dense_sliding,144,36,1,raw_chrono_70_10_20_strict_closed,test,non_overlap,horizon,28,280,2624,15666,2023-03-16 19:00:00,2024-12-31 19:00:00,280.234149591472,410.37212657212785,0.13669958690505488,0.2001815253356687,latlon,6,54,40,7,6,7,32,64,48,32,6,6.0,2.0,2.0,0.05,0.2,0.1,0.05,0.0001,0.0001,true,cuda,18723.328666,325905,47139,94458,5,15,0.16413614862249906,0.10756954567551481,3407,256,0.0002
kelmarsh,WORLD_MODEL,world_model_state_space_v1_farm_sync,next_6h_from_24h,dense_sliding,144,36,1,raw_chrono_70_10_20_strict_closed,test,non_overlap,horizon,29,290,2624,15670,2023-03-16 19:00:00,2024-12-31 19:00:00,284.29360441927247,415.9472807888765,0.13867980723329312,0.2029011121009058,latlon,6,54,40,7,6,7,32,64,48,32,6,6.0,2.0,2.0,0.05,0.2,0.1,0.05,0.0001,0.0001,true,cuda,18723.328666,325905,47139,94458,5,15,0.16413614862249906,0.10756954567551481,3407,256,0.0002
kelmarsh,WORLD_MODEL,world_model_state_space_v1_farm_sync,next_6h_from_24h,dense_sliding,144,36,1,raw_chrono_70_10_20_strict_closed,test,non_overlap,horizon,30,300,2624,15668,2023-03-16 19:00:00,2024-12-31 19:00:00,287.66774636201177,420.3623684474383,0.14032573373700577,0.20505481134227424,latlon,6,54,40,7,6,7,32,64,48,32,6,6.0,2.0,2.0,0.05,0.2,0.1,0.05,0.0001,0.0001,true,cuda,18723.328666,325905,47139,94458,5,15,0.16413614862249906,0.10756954567551481,3407,256,0.0002
kelmarsh,WORLD_MODEL,world_model_state_space_v1_farm_sync,next_6h_from_24h,dense_sliding,144,36,1,raw_chrono_70_10_20_strict_closed,test,non_overlap,horizon,31,310,2624,15663,2023-03-16 19:00:00,2024-12-31 19:00:00,289.0224613739386,423.302909271257,0.1409865650098336,0.20648922457562635,latlon,6,54,40,7,6,7,32,64,48,32,6,6.0,2.0,2.0,0.05,0.2,0.1,0.05,0.0001,0.0001,true,cuda,18723.328666,325905,47139,94458,5,15,0.16413614862249906,0.10756954567551481,3407,256,0.0002
kelmarsh,WORLD_MODEL,world_model_state_space_v1_farm_sync,next_6h_from_24h,dense_sliding,144,36,1,raw_chrono_70_10_20_strict_closed,test,non_overlap,horizon,32,320,2624,15664,2023-03-16 19:00:00,2024-12-31 19:00:00,292.20494445863125,425.9530658421259,0.1425389951290953,0.20778198390791777,latlon,6,54,40,7,6,7,32,64,48,32,6,6.0,2.0,2.0,0.05,0.2,0.1,0.05,0.0001,0.0001,true,cuda,18723.328666,325905,47139,94458,5,15,0.16413614862249906,0.10756954567551481,3407,256,0.0002
kelmarsh,WORLD_MODEL,world_model_state_space_v1_farm_sync,next_6h_from_24h,dense_sliding,144,36,1,raw_chrono_70_10_20_strict_closed,test,non_overlap,horizon,33,330,2624,15663,2023-03-16 19:00:00,2024-12-31 19:00:00,295.9711282161783,430.5785307714908,0.14437615794559505,0.21003830554584055,latlon,6,54,40,7,6,7,32,64,48,32,6,6.0,2.0,2.0,0.05,0.2,0.1,0.05,0.0001,0.0001,true,cuda,18723.328666,325905,47139,94458,5,15,0.16413614862249906,0.10756954567551481,3407,256,0.0002
kelmarsh,WORLD_MODEL,world_model_state_space_v1_farm_sync,next_6h_from_24h,dense_sliding,144,36,1,raw_chrono_70_10_20_strict_closed,test,non_overlap,horizon,34,340,2624,15664,2023-03-16 19:00:00,2024-12-31 19:00:00,296.44271697842186,430.93218789247777,0.14460620061856855,0.21021082227454474,latlon,6,54,40,7,6,7,32,64,48,32,6,6.0,2.0,2.0,0.05,0.2,0.1,0.05,0.0001,0.0001,true,cuda,18723.328666,325905,47139,94458,5,15,0.16413614862249906,0.10756954567551481,3407,256,0.0002
kelmarsh,WORLD_MODEL,world_model_state_space_v1_farm_sync,next_6h_from_24h,dense_sliding,144,36,1,raw_chrono_70_10_20_strict_closed,test,non_overlap,horizon,35,350,2624,15664,2023-03-16 19:00:00,2024-12-31 19:00:00,299.3143513789581,436.1218998656112,0.14600700255677454,0.21274238993242361,latlon,6,54,40,7,6,7,32,64,48,32,6,6.0,2.0,2.0,0.05,0.2,0.1,0.05,0.0001,0.0001,true,cuda,18723.328666,325905,47139,94458,5,15,0.16413614862249906,0.10756954567551481,3407,256,0.0002
kelmarsh,WORLD_MODEL,world_model_state_space_v1_farm_sync,next_6h_from_24h,dense_sliding,144,36,1,raw_chrono_70_10_20_strict_closed,test,non_overlap,horizon,36,360,2624,15667,2023-03-16 19:00:00,2024-12-31 19:00:00,300.81167421969747,438.46777901481715,0.14673740481678996,0.21388671929261277,latlon,6,54,40,7,6,7,32,64,48,32,6,6.0,2.0,2.0,0.05,0.2,0.1,0.05,0.0001,0.0001,true,cuda,18723.328666,325905,47139,94458,5,15,0.16413614862249906,0.10756954567551481,3407,256,0.0002
